unique_id,database,protein_path,ligand_path,pK,protein_exists,ligand_exists,fep_lig_match,ts-max_tanimoto_fep_benchmark
CHEMBL4361_5vkc_CHEMBL4461729,bindingnet,/rds/general/user/cr725/home/aev-plig_research/github_tsBAP_official/data/raw/bindingnet/from_chembl_client/5vkc/rec_h_opt.pdb,/rds/general/user/cr725/home/aev-plig_research/github_tsBAP_official/data/raw/bindingnet/from_chembl_client/5vkc/target_CHEMBL4361/CHEMBL4461729/5vkc_CHEMBL4361_CHEMBL4461729.sdf,8.010225812647953,True,True,mcl1_extra_flips_molecule_58.sdf,0.34285714285714286
CHEMBL4361_5vkc_CHEMBL4440934,bindingnet,/rds/general/user/cr725/home/aev-plig_research/github_tsBAP_official/data/raw/bindingnet/from_chembl_client/5vkc/rec_h_opt.pdb,/rds/general/user/cr725/home/aev-plig_research/github_tsBAP_official/data/raw/bindingnet/from_chembl_client/5vkc/target_CHEMBL4361/CHEMBL4440934/5vkc_CHEMBL4361_CHEMBL4440934.sdf,7.642667503568731,True,True,mcl1_extra_flips_molecule_58.sdf,0.34285714285714286
CHEMBL4361_5vkc_CHEMBL4447562,bindingnet,/rds/general/user/cr725/home/aev-plig_research/github_tsBAP_official/data/raw/bindingnet/from_chembl_client/5vkc/rec_h_opt.pdb,/rds/general/user/cr725/home/aev-plig_research/github_tsBAP_official/data/raw/bindingnet/from_chembl_client/5vkc/target_CHEMBL4361/CHEMBL4447562/5vkc_CHEMBL4361_CHEMBL4447562.sdf,7.508796535568102,True,True,mcl1_extra_flips_molecule_58.sdf,0.3310344827586207
CHEMBL4361_5vkc_CHEMBL4456562,bindingnet,/rds/general/user/cr725/home/aev-plig_research/github_tsBAP_official/data/raw/bindingnet/from_chembl_client/5vkc/rec_h_opt.pdb,/rds/general/user/cr725/home/aev-plig_research/github_tsBAP_official/data/raw/bindingnet/from_chembl_client/5vkc/target_CHEMBL4361/CHEMBL4456562/5vkc_CHEMBL4361_CHEMBL4456562.sdf,7.778603387030115,True,True,mcl1_extra_flips_molecule_58.sdf,0.3356643356643357
CHEMBL4361_5vkc_CHEMBL4473093,bindingnet,/rds/general/user/cr725/home/aev-plig_research/github_tsBAP_official/data/raw/bindingnet/from_chembl_client/5vkc/rec_h_opt.pdb,/rds/general/user/cr725/home/aev-plig_research/github_tsBAP_official/data/raw/bindingnet/from_chembl_client/5vkc/target_CHEMBL4361/CHEMBL4473093/5vkc_CHEMBL4361_CHEMBL4473093.sdf,7.44219474416285,True,True,mcl1_extra_flips_molecule_56.sdf,0.3356643356643357
CHEMBL4361_5vkc_CHEMBL4515994,bindingnet,/rds/general/user/cr725/home/aev-plig_research/github_tsBAP_official/data/raw/bindingnet/from_chembl_client/5vkc/rec_h_opt.pdb,/rds/general/user/cr725/home/aev-plig_research/github_tsBAP_official/data/raw/bindingnet/from_chembl_client/5vkc/target_CHEMBL4361/CHEMBL4515994/5vkc_CHEMBL4361_CHEMBL4515994.sdf,7.925852951282627,True,True,mcl1_extra_flips_molecule_58.sdf,0.3310344827586207
CHEMBL4361_5vkc_CHEMBL4521315,bindingnet,/rds/general/user/cr725/home/aev-plig_research/github_tsBAP_official/data/raw/bindingnet/from_chembl_client/5vkc/rec_h_opt.pdb,/rds/general/user/cr725/home/aev-plig_research/github_tsBAP_official/data/raw/bindingnet/from_chembl_client/5vkc/target_CHEMBL4361/CHEMBL4521315/5vkc_CHEMBL4361_CHEMBL4521315.sdf,7.819041690665678,True,True,mcl1_extra_flips_molecule_56.sdf,0.3356643356643357
CHEMBL4361_6fs0_CHEMBL4297482,bindingnet,/rds/general/user/cr725/home/aev-plig_research/github_tsBAP_official/data/raw/bindingnet/from_chembl_client/6fs0/rec_h_opt.pdb,/rds/general/user/cr725/home/aev-plig_research/github_tsBAP_official/data/raw/bindingnet/from_chembl_client/6fs0/target_CHEMBL4361/CHEMBL4297482/6fs0_CHEMBL4361_CHEMBL4297482.sdf,9.734260541478871,True,True,mcl1_extra_flips_molecule_56.sdf,0.1686746987951807
6fs0,pdbbind,/rds/general/user/cr725/home/aev-plig_research/github_tsBAP_official/data/raw/pdbbind/refined-set/6fs0/6fs0_protein.pdb,/rds/general/user/cr725/home/aev-plig_research/github_tsBAP_official/data/raw/pdbbind/refined-set/6fs0/6fs0_ligand.mol2,9.77,True,True,mcl1_extra_flips_molecule_64.sdf,0.14942528735632185
CHEMBL4361_6fs0_CHEMBL4448046,bindingnet,/rds/general/user/cr725/home/aev-plig_research/github_tsBAP_official/data/raw/bindingnet/from_chembl_client/6fs0/rec_h_opt.pdb,/rds/general/user/cr725/home/aev-plig_research/github_tsBAP_official/data/raw/bindingnet/from_chembl_client/6fs0/target_CHEMBL4361/CHEMBL4448046/6fs0_CHEMBL4361_CHEMBL4448046.sdf,9.69897000433602,True,True,mcl1_extra_flips_molecule_57.sdf,0.16666666666666666
CHEMBL4361_5vkc_CHEMBL4555113,bindingnet,/rds/general/user/cr725/home/aev-plig_research/github_tsBAP_official/data/raw/bindingnet/from_chembl_client/5vkc/rec_h_opt.pdb,/rds/general/user/cr725/home/aev-plig_research/github_tsBAP_official/data/raw/bindingnet/from_chembl_client/5vkc/target_CHEMBL4361/CHEMBL4555113/5vkc_CHEMBL4361_CHEMBL4555113.sdf,7.498916969121746,True,True,mcl1_extra_flips_molecule_53.sdf,0.3333333333333333
CHEMBL4361_5vkc_CHEMBL4451337,bindingnet,/rds/general/user/cr725/home/aev-plig_research/github_tsBAP_official/data/raw/bindingnet/from_chembl_client/5vkc/rec_h_opt.pdb,/rds/general/user/cr725/home/aev-plig_research/github_tsBAP_official/data/raw/bindingnet/from_chembl_client/5vkc/target_CHEMBL4361/CHEMBL4451337/5vkc_CHEMBL4361_CHEMBL4451337.sdf,7.018933765350882,True,True,mcl1_extra_flips_molecule_53.sdf,0.3333333333333333
CHEMBL4361_5vkc_CHEMBL4526616,bindingnet,/rds/general/user/cr725/home/aev-plig_research/github_tsBAP_official/data/raw/bindingnet/from_chembl_client/5vkc/rec_h_opt.pdb,/rds/general/user/cr725/home/aev-plig_research/github_tsBAP_official/data/raw/bindingnet/from_chembl_client/5vkc/target_CHEMBL4361/CHEMBL4526616/5vkc_CHEMBL4361_CHEMBL4526616.sdf,7.366531544420414,True,True,mcl1_extra_flips_molecule_53.sdf,0.3208955223880597
CHEMBL4361_4wmu_CHEMBL4072051,bindingnet,/rds/general/user/cr725/home/aev-plig_research/github_tsBAP_official/data/raw/bindingnet/from_chembl_client/4wmu/rec_h_opt.pdb,/rds/general/user/cr725/home/aev-plig_research/github_tsBAP_official/data/raw/bindingnet/from_chembl_client/4wmu/target_CHEMBL4361/CHEMBL4072051/4wmu_CHEMBL4361_CHEMBL4072051.sdf,6.2076083105017466,True,True,mcl1_extra_flips_molecule_37.sdf,0.7439024390243902
CHEMBL4361_4hw2_CHEMBL4085056,bindingnet,/rds/general/user/cr725/home/aev-plig_research/github_tsBAP_official/data/raw/bindingnet/from_chembl_client/4hw2/rec_h_opt.pdb,/rds/general/user/cr725/home/aev-plig_research/github_tsBAP_official/data/raw/bindingnet/from_chembl_client/4hw2/target_CHEMBL4361/CHEMBL4085056/4hw2_CHEMBL4361_CHEMBL4085056.sdf,5.494850021680094,True,True,mcl1_extra_flips_molecule_37.sdf,0.686046511627907
CHEMBL4361_4hw2_CHEMBL4092810,bindingnet,/rds/general/user/cr725/home/aev-plig_research/github_tsBAP_official/data/raw/bindingnet/from_chembl_client/4hw2/rec_h_opt.pdb,/rds/general/user/cr725/home/aev-plig_research/github_tsBAP_official/data/raw/bindingnet/from_chembl_client/4hw2/target_CHEMBL4361/CHEMBL4092810/4hw2_CHEMBL4361_CHEMBL4092810.sdf,6.2441251443275085,True,True,mcl1_extra_flips_molecule_37.sdf,0.7261904761904762
CHEMBL4361_5vkc_CHEMBL4097235,bindingnet,/rds/general/user/cr725/home/aev-plig_research/github_tsBAP_official/data/raw/bindingnet/from_chembl_client/5vkc/rec_h_opt.pdb,/rds/general/user/cr725/home/aev-plig_research/github_tsBAP_official/data/raw/bindingnet/from_chembl_client/5vkc/target_CHEMBL4361/CHEMBL4097235/5vkc_CHEMBL4361_CHEMBL4097235.sdf,8.020479303839453,True,True,mcl1_extra_flips_molecule_58.sdf,0.34285714285714286
CHEMBL4361_5vkc_CHEMBL4075756,bindingnet,/rds/general/user/cr725/home/aev-plig_research/github_tsBAP_official/data/raw/bindingnet/from_chembl_client/5vkc/rec_h_opt.pdb,/rds/general/user/cr725/home/aev-plig_research/github_tsBAP_official/data/raw/bindingnet/from_chembl_client/5vkc/target_CHEMBL4361/CHEMBL4075756/5vkc_CHEMBL4361_CHEMBL4075756.sdf,8.064213532227061,True,True,mcl1_extra_flips_molecule_58.sdf,0.34507042253521125
CHEMBL4361_5vkc_CHEMBL3786325,bindingnet,/rds/general/user/cr725/home/aev-plig_research/github_tsBAP_official/data/raw/bindingnet/from_chembl_client/5vkc/rec_h_opt.pdb,/rds/general/user/cr725/home/aev-plig_research/github_tsBAP_official/data/raw/bindingnet/from_chembl_client/5vkc/target_CHEMBL4361/CHEMBL3786325/5vkc_CHEMBL4361_CHEMBL3786325.sdf,7.847754736113256,True,True,mcl1_extra_flips_molecule_37.sdf,0.3310344827586207
CHEMBL4361_5vkc_CHEMBL3786057,bindingnet,/rds/general/user/cr725/home/aev-plig_research/github_tsBAP_official/data/raw/bindingnet/from_chembl_client/5vkc/rec_h_opt.pdb,/rds/general/user/cr725/home/aev-plig_research/github_tsBAP_official/data/raw/bindingnet/from_chembl_client/5vkc/target_CHEMBL4361/CHEMBL3786057/5vkc_CHEMBL4361_CHEMBL3786057.sdf,7.884775539310863,True,True,mcl1_extra_flips_molecule_53.sdf,0.3333333333333333
CHEMBL4361_4zbi_CHEMBL3426332,bindingnet,/rds/general/user/cr725/home/aev-plig_research/github_tsBAP_official/data/raw/bindingnet/from_chembl_client/4zbi/rec_h_opt.pdb,/rds/general/user/cr725/home/aev-plig_research/github_tsBAP_official/data/raw/bindingnet/from_chembl_client/4zbi/target_CHEMBL4361/CHEMBL3426332/4zbi_CHEMBL4361_CHEMBL3426332.sdf,7.397940008672037,True,True,mcl1_extra_flips_molecule_56.sdf,0.4854368932038835
CHEMBL4361_4zbf_CHEMBL3426329,bindingnet,/rds/general/user/cr725/home/aev-plig_research/github_tsBAP_official/data/raw/bindingnet/from_chembl_client/4zbf/rec_h_opt.pdb,/rds/general/user/cr725/home/aev-plig_research/github_tsBAP_official/data/raw/bindingnet/from_chembl_client/4zbf/target_CHEMBL4361/CHEMBL3426329/4zbf_CHEMBL4361_CHEMBL3426329.sdf,7.1487416512809245,True,True,mcl1_extra_flips_molecule_56.sdf,0.5050505050505051
6oqc,pdbbind,/rds/general/user/cr725/home/aev-plig_research/github_tsBAP_official/data/raw/pdbbind/refined-set/6oqc/6oqc_protein.pdb,/rds/general/user/cr725/home/aev-plig_research/github_tsBAP_official/data/raw/pdbbind/refined-set/6oqc/6oqc_ligand.mol2,10.4,True,True,mcl1_extra_flips_molecule_45.sdf,0.12790697674418605
6oqb,pdbbind,/rds/general/user/cr725/home/aev-plig_research/github_tsBAP_official/data/raw/pdbbind/refined-set/6oqb/6oqb_protein.pdb,/rds/general/user/cr725/home/aev-plig_research/github_tsBAP_official/data/raw/pdbbind/refined-set/6oqb/6oqb_ligand.mol2,10.3,True,True,mcl1_extra_flips_molecule_58.sdf,0.1329479768786127
CHEMBL4361_5vkc_CHEMBL4094779,bindingnet,/rds/general/user/cr725/home/aev-plig_research/github_tsBAP_official/data/raw/bindingnet/from_chembl_client/5vkc/rec_h_opt.pdb,/rds/general/user/cr725/home/aev-plig_research/github_tsBAP_official/data/raw/bindingnet/from_chembl_client/5vkc/target_CHEMBL4361/CHEMBL4094779/5vkc_CHEMBL4361_CHEMBL4094779.sdf,8.02726570743409,True,True,mcl1_extra_flips_molecule_58.sdf,0.3287671232876712
CHEMBL4361_6fs0_CHEMBL4439276,bindingnet,/rds/general/user/cr725/home/aev-plig_research/github_tsBAP_official/data/raw/bindingnet/from_chembl_client/6fs0/rec_h_opt.pdb,/rds/general/user/cr725/home/aev-plig_research/github_tsBAP_official/data/raw/bindingnet/from_chembl_client/6fs0/target_CHEMBL4361/CHEMBL4439276/6fs0_CHEMBL4361_CHEMBL4439276.sdf,9.721246399047171,True,True,mcl1_extra_flips_molecule_60.sdf,0.16483516483516483
CHEMBL4361_6bw8_CHEMBL1467749,bindingnet,/rds/general/user/cr725/home/aev-plig_research/github_tsBAP_official/data/raw/bindingnet/from_chembl_client/6bw8/rec_h_opt.pdb,/rds/general/user/cr725/home/aev-plig_research/github_tsBAP_official/data/raw/bindingnet/from_chembl_client/6bw8/target_CHEMBL4361/CHEMBL1467749/6bw8_CHEMBL4361_CHEMBL1467749.sdf,5.625647647162271,True,True,mcl1_extra_flips_molecule_67.sdf,0.14388489208633093
CHEMBL4361_6b4u_CHEMBL3426327,bindingnet,/rds/general/user/cr725/home/aev-plig_research/github_tsBAP_official/data/raw/bindingnet/from_chembl_client/6b4u/rec_h_opt.pdb,/rds/general/user/cr725/home/aev-plig_research/github_tsBAP_official/data/raw/bindingnet/from_chembl_client/6b4u/target_CHEMBL4361/CHEMBL3426327/6b4u_CHEMBL4361_CHEMBL3426327.sdf,6.3872161432802645,True,True,mcl1_extra_flips_molecule_46_flip.sdf,0.4537037037037037
CHEMBL4361_5vkc_CHEMBL4521431,bindingnet,/rds/general/user/cr725/home/aev-plig_research/github_tsBAP_official/data/raw/bindingnet/from_chembl_client/5vkc/rec_h_opt.pdb,/rds/general/user/cr725/home/aev-plig_research/github_tsBAP_official/data/raw/bindingnet/from_chembl_client/5vkc/target_CHEMBL4361/CHEMBL4521431/5vkc_CHEMBL4361_CHEMBL4521431.sdf,7.0,True,True,mcl1_extra_flips_molecule_42.sdf,0.5247524752475248
CHEMBL4361_5vkc_CHEMBL4164982,bindingnet,/rds/general/user/cr725/home/aev-plig_research/github_tsBAP_official/data/raw/bindingnet/from_chembl_client/5vkc/rec_h_opt.pdb,/rds/general/user/cr725/home/aev-plig_research/github_tsBAP_official/data/raw/bindingnet/from_chembl_client/5vkc/target_CHEMBL4361/CHEMBL4164982/5vkc_CHEMBL4361_CHEMBL4164982.sdf,6.6252516539898965,True,True,mcl1_extra_flips_molecule_42.sdf,0.41732283464566927
CHEMBL4361_5vkc_CHEMBL4099902,bindingnet,/rds/general/user/cr725/home/aev-plig_research/github_tsBAP_official/data/raw/bindingnet/from_chembl_client/5vkc/rec_h_opt.pdb,/rds/general/user/cr725/home/aev-plig_research/github_tsBAP_official/data/raw/bindingnet/from_chembl_client/5vkc/target_CHEMBL4361/CHEMBL4099902/5vkc_CHEMBL4361_CHEMBL4099902.sdf,7.397127229528669,True,True,mcl1_extra_flips_molecule_37.sdf,0.45
CHEMBL4361_5vkc_CHEMBL4073037,bindingnet,/rds/general/user/cr725/home/aev-plig_research/github_tsBAP_official/data/raw/bindingnet/from_chembl_client/5vkc/rec_h_opt.pdb,/rds/general/user/cr725/home/aev-plig_research/github_tsBAP_official/data/raw/bindingnet/from_chembl_client/5vkc/target_CHEMBL4361/CHEMBL4073037/5vkc_CHEMBL4361_CHEMBL4073037.sdf,6.950228735652333,True,True,mcl1_extra_flips_molecule_37.sdf,0.5047619047619047
CHEMBL4361_5vkc_CHEMBL4064897,bindingnet,/rds/general/user/cr725/home/aev-plig_research/github_tsBAP_official/data/raw/bindingnet/from_chembl_client/5vkc/rec_h_opt.pdb,/rds/general/user/cr725/home/aev-plig_research/github_tsBAP_official/data/raw/bindingnet/from_chembl_client/5vkc/target_CHEMBL4361/CHEMBL4064897/5vkc_CHEMBL4361_CHEMBL4064897.sdf,8.331170554486928,True,True,mcl1_extra_flips_molecule_58.sdf,0.32450331125827814
CHEMBL4361_5vkc_CHEMBL3785426,bindingnet,/rds/general/user/cr725/home/aev-plig_research/github_tsBAP_official/data/raw/bindingnet/from_chembl_client/5vkc/rec_h_opt.pdb,/rds/general/user/cr725/home/aev-plig_research/github_tsBAP_official/data/raw/bindingnet/from_chembl_client/5vkc/target_CHEMBL4361/CHEMBL3785426/5vkc_CHEMBL4361_CHEMBL3785426.sdf,8.107335082494616,True,True,mcl1_extra_flips_molecule_53.sdf,0.32666666666666666
CHEMBL4361_5vkc_CHEMBL3426335,bindingnet,/rds/general/user/cr725/home/aev-plig_research/github_tsBAP_official/data/raw/bindingnet/from_chembl_client/5vkc/rec_h_opt.pdb,/rds/general/user/cr725/home/aev-plig_research/github_tsBAP_official/data/raw/bindingnet/from_chembl_client/5vkc/target_CHEMBL4361/CHEMBL3426335/5vkc_CHEMBL4361_CHEMBL3426335.sdf,9.342944147142896,True,True,mcl1_extra_flips_molecule_58.sdf,0.19411764705882353
CHEMBL4361_5mev_CHEMBL4590345,bindingnet,/rds/general/user/cr725/home/aev-plig_research/github_tsBAP_official/data/raw/bindingnet/from_chembl_client/5mev/rec_h_opt.pdb,/rds/general/user/cr725/home/aev-plig_research/github_tsBAP_official/data/raw/bindingnet/from_chembl_client/5mev/target_CHEMBL4361/CHEMBL4590345/5mev_CHEMBL4361_CHEMBL4590345.sdf,5.348721986001856,True,True,mcl1_extra_flips_molecule_33.sdf,0.14193548387096774
CHEMBL4361_5if4_CHEMBL3818074,bindingnet,/rds/general/user/cr725/home/aev-plig_research/github_tsBAP_official/data/raw/bindingnet/from_chembl_client/5if4/rec_h_opt.pdb,/rds/general/user/cr725/home/aev-plig_research/github_tsBAP_official/data/raw/bindingnet/from_chembl_client/5if4/target_CHEMBL4361/CHEMBL3818074/5if4_CHEMBL4361_CHEMBL3818074.sdf,5.853871964321762,True,True,mcl1_extra_flips_molecule_34.sdf,0.15328467153284672
CHEMBL4361_5if4_CHEMBL1424819,bindingnet,/rds/general/user/cr725/home/aev-plig_research/github_tsBAP_official/data/raw/bindingnet/from_chembl_client/5if4/rec_h_opt.pdb,/rds/general/user/cr725/home/aev-plig_research/github_tsBAP_official/data/raw/bindingnet/from_chembl_client/5if4/target_CHEMBL4361/CHEMBL1424819/5if4_CHEMBL4361_CHEMBL1424819.sdf,5.382252350602285,True,True,mcl1_extra_flips_molecule_61.sdf,0.13986013986013987
CHEMBL4361_5fdr_CHEMBL3787178,bindingnet,/rds/general/user/cr725/home/aev-plig_research/github_tsBAP_official/data/raw/bindingnet/from_chembl_client/5fdr/rec_h_opt.pdb,/rds/general/user/cr725/home/aev-plig_research/github_tsBAP_official/data/raw/bindingnet/from_chembl_client/5fdr/target_CHEMBL4361/CHEMBL3787178/5fdr_CHEMBL4361_CHEMBL3787178.sdf,7.040958607678906,True,True,mcl1_extra_flips_molecule_53.sdf,0.6595744680851063
CHEMBL4361_4zbi_CHEMBL3426331,bindingnet,/rds/general/user/cr725/home/aev-plig_research/github_tsBAP_official/data/raw/bindingnet/from_chembl_client/4zbi/rec_h_opt.pdb,/rds/general/user/cr725/home/aev-plig_research/github_tsBAP_official/data/raw/bindingnet/from_chembl_client/4zbi/target_CHEMBL4361/CHEMBL3426331/4zbi_CHEMBL4361_CHEMBL3426331.sdf,7.187086643357144,True,True,mcl1_extra_flips_molecule_56.sdf,0.5
CHEMBL4361_4zbi_CHEMBL3426312,bindingnet,/rds/general/user/cr725/home/aev-plig_research/github_tsBAP_official/data/raw/bindingnet/from_chembl_client/4zbi/rec_h_opt.pdb,/rds/general/user/cr725/home/aev-plig_research/github_tsBAP_official/data/raw/bindingnet/from_chembl_client/4zbi/target_CHEMBL4361/CHEMBL3426312/4zbi_CHEMBL4361_CHEMBL3426312.sdf,3.882728704344236,True,True,mcl1_extra_flips_molecule_45.sdf,0.18446601941747573
CHEMBL4361_4wmx_CHEMBL3126303,bindingnet,/rds/general/user/cr725/home/aev-plig_research/github_tsBAP_official/data/raw/bindingnet/from_chembl_client/4wmx/rec_h_opt.pdb,/rds/general/user/cr725/home/aev-plig_research/github_tsBAP_official/data/raw/bindingnet/from_chembl_client/4wmx/target_CHEMBL4361/CHEMBL3126303/4wmx_CHEMBL4361_CHEMBL3126303.sdf,5.468521082957745,True,True,mcl1_extra_flips_molecule_56.sdf,0.1322314049586777
CHEMBL4361_4wmv_CHEMBL1318391,bindingnet,/rds/general/user/cr725/home/aev-plig_research/github_tsBAP_official/data/raw/bindingnet/from_chembl_client/4wmv/rec_h_opt.pdb,/rds/general/user/cr725/home/aev-plig_research/github_tsBAP_official/data/raw/bindingnet/from_chembl_client/4wmv/target_CHEMBL4361/CHEMBL1318391/4wmv_CHEMBL4361_CHEMBL1318391.sdf,3.882728704344236,True,True,mcl1_extra_flips_molecule_60.sdf,0.3684210526315789
CHEMBL4361_4oq6_CHEMBL3126317,bindingnet,/rds/general/user/cr725/home/aev-plig_research/github_tsBAP_official/data/raw/bindingnet/from_chembl_client/4oq6/rec_h_opt.pdb,/rds/general/user/cr725/home/aev-plig_research/github_tsBAP_official/data/raw/bindingnet/from_chembl_client/4oq6/target_CHEMBL4361/CHEMBL3126317/4oq6_CHEMBL4361_CHEMBL3126317.sdf,5.207608310501746,True,True,mcl1_extra_flips_molecule_37.sdf,0.18947368421052632
CHEMBL4361_4oq6_CHEMBL121772,bindingnet,/rds/general/user/cr725/home/aev-plig_research/github_tsBAP_official/data/raw/bindingnet/from_chembl_client/4oq6/rec_h_opt.pdb,/rds/general/user/cr725/home/aev-plig_research/github_tsBAP_official/data/raw/bindingnet/from_chembl_client/4oq6/target_CHEMBL4361/CHEMBL121772/4oq6_CHEMBL4361_CHEMBL121772.sdf,4.468521082957745,True,True,mcl1_extra_flips_molecule_38_flip.sdf,0.2558139534883721
CHEMBL4361_4oq5_CHEMBL3126328,bindingnet,/rds/general/user/cr725/home/aev-plig_research/github_tsBAP_official/data/raw/bindingnet/from_chembl_client/4oq5/rec_h_opt.pdb,/rds/general/user/cr725/home/aev-plig_research/github_tsBAP_official/data/raw/bindingnet/from_chembl_client/4oq5/target_CHEMBL4361/CHEMBL3126328/4oq5_CHEMBL4361_CHEMBL3126328.sdf,5.309803919971486,True,True,mcl1_extra_flips_molecule_32.sdf,0.19801980198019803
CHEMBL4361_4oq5_CHEMBL3126308,bindingnet,/rds/general/user/cr725/home/aev-plig_research/github_tsBAP_official/data/raw/bindingnet/from_chembl_client/4oq5/rec_h_opt.pdb,/rds/general/user/cr725/home/aev-plig_research/github_tsBAP_official/data/raw/bindingnet/from_chembl_client/4oq5/target_CHEMBL4361/CHEMBL3126308/4oq5_CHEMBL4361_CHEMBL3126308.sdf,6.958607314841775,True,True,mcl1_extra_flips_molecule_56.sdf,0.17164179104477612
CHEMBL4361_4hw3_CHEMBL2314514,bindingnet,/rds/general/user/cr725/home/aev-plig_research/github_tsBAP_official/data/raw/bindingnet/from_chembl_client/4hw3/rec_h_opt.pdb,/rds/general/user/cr725/home/aev-plig_research/github_tsBAP_official/data/raw/bindingnet/from_chembl_client/4hw3/target_CHEMBL4361/CHEMBL2314514/4hw3_CHEMBL4361_CHEMBL2314514.sdf,4.903089986991944,True,True,mcl1_extra_flips_molecule_23.sdf,0.5569620253164557
6udv,pdbbind,/rds/general/user/cr725/home/aev-plig_research/github_tsBAP_official/data/raw/pdbbind/refined-set/6udv/6udv_protein.pdb,/rds/general/user/cr725/home/aev-plig_research/github_tsBAP_official/data/raw/pdbbind/refined-set/6udv/6udv_ligand.mol2,10.29,True,True,mcl1_extra_flips_molecule_58.sdf,0.12280701754385964
5fdr,pdbbind,/rds/general/user/cr725/home/aev-plig_research/github_tsBAP_official/data/raw/pdbbind/general-set/5fdr/5fdr_protein.pdb,/rds/general/user/cr725/home/aev-plig_research/github_tsBAP_official/data/raw/pdbbind/general-set/5fdr/5fdr_ligand.mol2,9.44,True,True,mcl1_extra_flips_molecule_67.sdf,0.34375
6qz8,pdbbind,/rds/general/user/cr725/home/aev-plig_research/github_tsBAP_official/data/raw/pdbbind/general-set/6qz8/6qz8_protein.pdb,/rds/general/user/cr725/home/aev-plig_research/github_tsBAP_official/data/raw/pdbbind/general-set/6qz8/6qz8_ligand.mol2,7.62,True,True,mcl1_extra_flips_molecule_61.sdf,0.17777777777777778
6p3p,pdbbind,/rds/general/user/cr725/home/aev-plig_research/github_tsBAP_official/data/raw/pdbbind/general-set/6p3p/6p3p_protein.pdb,/rds/general/user/cr725/home/aev-plig_research/github_tsBAP_official/data/raw/pdbbind/general-set/6p3p/6p3p_ligand.mol2,6.84,True,True,mcl1_extra_flips_molecule_60.sdf,0.18796992481203006
6qzb,pdbbind,/rds/general/user/cr725/home/aev-plig_research/github_tsBAP_official/data/raw/pdbbind/general-set/6qzb/6qzb_protein.pdb,/rds/general/user/cr725/home/aev-plig_research/github_tsBAP_official/data/raw/pdbbind/general-set/6qzb/6qzb_ligand.mol2,6.47,True,True,mcl1_extra_flips_molecule_49.sdf,0.16058394160583941
4oq6,pdbbind,/rds/general/user/cr725/home/aev-plig_research/github_tsBAP_official/data/raw/pdbbind/general-set/4oq6/4oq6_protein.pdb,/rds/general/user/cr725/home/aev-plig_research/github_tsBAP_official/data/raw/pdbbind/general-set/4oq6/4oq6_ligand.mol2,5.48,True,True,mcl1_extra_flips_molecule_50.sdf,0.16346153846153846
CHEMBL4361_5vkc_CHEMBL4581796,bindingnet,/rds/general/user/cr725/home/aev-plig_research/github_tsBAP_official/data/raw/bindingnet/from_chembl_client/5vkc/rec_h_opt.pdb,/rds/general/user/cr725/home/aev-plig_research/github_tsBAP_official/data/raw/bindingnet/from_chembl_client/5vkc/target_CHEMBL4361/CHEMBL4581796/5vkc_CHEMBL4361_CHEMBL4581796.sdf,8.643717236063345,True,True,mcl1_extra_flips_molecule_58.sdf,0.34265734265734266
CHEMBL4361_5vkc_CHEMBL4444350,bindingnet,/rds/general/user/cr725/home/aev-plig_research/github_tsBAP_official/data/raw/bindingnet/from_chembl_client/5vkc/rec_h_opt.pdb,/rds/general/user/cr725/home/aev-plig_research/github_tsBAP_official/data/raw/bindingnet/from_chembl_client/5vkc/target_CHEMBL4361/CHEMBL4444350/5vkc_CHEMBL4361_CHEMBL4444350.sdf,7.1006746772773655,True,True,mcl1_extra_flips_molecule_58.sdf,0.3333333333333333
CHEMBL4361_5vkc_CHEMBL4451208,bindingnet,/rds/general/user/cr725/home/aev-plig_research/github_tsBAP_official/data/raw/bindingnet/from_chembl_client/5vkc/rec_h_opt.pdb,/rds/general/user/cr725/home/aev-plig_research/github_tsBAP_official/data/raw/bindingnet/from_chembl_client/5vkc/target_CHEMBL4361/CHEMBL4451208/5vkc_CHEMBL4361_CHEMBL4451208.sdf,7.087449294200999,True,True,mcl1_extra_flips_molecule_58.sdf,0.34265734265734266
CHEMBL4361_5vkc_CHEMBL4542624,bindingnet,/rds/general/user/cr725/home/aev-plig_research/github_tsBAP_official/data/raw/bindingnet/from_chembl_client/5vkc/rec_h_opt.pdb,/rds/general/user/cr725/home/aev-plig_research/github_tsBAP_official/data/raw/bindingnet/from_chembl_client/5vkc/target_CHEMBL4361/CHEMBL4542624/5vkc_CHEMBL4361_CHEMBL4542624.sdf,8.292513326014591,True,True,mcl1_extra_flips_molecule_56.sdf,0.3402777777777778
CHEMBL4361_5vkc_CHEMBL4545933,bindingnet,/rds/general/user/cr725/home/aev-plig_research/github_tsBAP_official/data/raw/bindingnet/from_chembl_client/5vkc/rec_h_opt.pdb,/rds/general/user/cr725/home/aev-plig_research/github_tsBAP_official/data/raw/bindingnet/from_chembl_client/5vkc/target_CHEMBL4361/CHEMBL4545933/5vkc_CHEMBL4361_CHEMBL4545933.sdf,8.271816983435478,True,True,mcl1_extra_flips_molecule_58.sdf,0.3333333333333333
CHEMBL4361_5vkc_CHEMBL4546138,bindingnet,/rds/general/user/cr725/home/aev-plig_research/github_tsBAP_official/data/raw/bindingnet/from_chembl_client/5vkc/rec_h_opt.pdb,/rds/general/user/cr725/home/aev-plig_research/github_tsBAP_official/data/raw/bindingnet/from_chembl_client/5vkc/target_CHEMBL4361/CHEMBL4546138/5vkc_CHEMBL4361_CHEMBL4546138.sdf,7.186010005085009,True,True,mcl1_extra_flips_molecule_56.sdf,0.3402777777777778
CHEMBL4361_5vkc_CHEMBL3417700,bindingnet,/rds/general/user/cr725/home/aev-plig_research/github_tsBAP_official/data/raw/bindingnet/from_chembl_client/5vkc/rec_h_opt.pdb,/rds/general/user/cr725/home/aev-plig_research/github_tsBAP_official/data/raw/bindingnet/from_chembl_client/5vkc/target_CHEMBL4361/CHEMBL3417700/5vkc_CHEMBL4361_CHEMBL3417700.sdf,9.094212497064705,True,True,mcl1_extra_flips_molecule_57.sdf,0.3419354838709677
CHEMBL4361_5vkc_CHEMBL3417698,bindingnet,/rds/general/user/cr725/home/aev-plig_research/github_tsBAP_official/data/raw/bindingnet/from_chembl_client/5vkc/rec_h_opt.pdb,/rds/general/user/cr725/home/aev-plig_research/github_tsBAP_official/data/raw/bindingnet/from_chembl_client/5vkc/target_CHEMBL4361/CHEMBL3417698/5vkc_CHEMBL4361_CHEMBL3417698.sdf,7.790683656322967,True,True,mcl1_extra_flips_molecule_57.sdf,0.38405797101449274
CHEMBL4361_5vkc_CHEMBL3417701,bindingnet,/rds/general/user/cr725/home/aev-plig_research/github_tsBAP_official/data/raw/bindingnet/from_chembl_client/5vkc/rec_h_opt.pdb,/rds/general/user/cr725/home/aev-plig_research/github_tsBAP_official/data/raw/bindingnet/from_chembl_client/5vkc/target_CHEMBL4361/CHEMBL3417701/5vkc_CHEMBL4361_CHEMBL3417701.sdf,8.794190147018384,True,True,mcl1_extra_flips_molecule_57.sdf,0.33544303797468356
CHEMBL4361_5vkc_CHEMBL3417702,bindingnet,/rds/general/user/cr725/home/aev-plig_research/github_tsBAP_official/data/raw/bindingnet/from_chembl_client/5vkc/rec_h_opt.pdb,/rds/general/user/cr725/home/aev-plig_research/github_tsBAP_official/data/raw/bindingnet/from_chembl_client/5vkc/target_CHEMBL4361/CHEMBL3417702/5vkc_CHEMBL4361_CHEMBL3417702.sdf,9.004386962153752,True,True,mcl1_extra_flips_molecule_57.sdf,0.32919254658385094
CHEMBL4361_5vkc_CHEMBL4104170,bindingnet,/rds/general/user/cr725/home/aev-plig_research/github_tsBAP_official/data/raw/bindingnet/from_chembl_client/5vkc/rec_h_opt.pdb,/rds/general/user/cr725/home/aev-plig_research/github_tsBAP_official/data/raw/bindingnet/from_chembl_client/5vkc/target_CHEMBL4361/CHEMBL4104170/5vkc_CHEMBL4361_CHEMBL4104170.sdf,8.707834387816234,True,True,mcl1_extra_flips_molecule_58.sdf,0.34782608695652173
CHEMBL4361_5vkc_CHEMBL3769721,bindingnet,/rds/general/user/cr725/home/aev-plig_research/github_tsBAP_official/data/raw/bindingnet/from_chembl_client/5vkc/rec_h_opt.pdb,/rds/general/user/cr725/home/aev-plig_research/github_tsBAP_official/data/raw/bindingnet/from_chembl_client/5vkc/target_CHEMBL4361/CHEMBL3769721/5vkc_CHEMBL4361_CHEMBL3769721.sdf,8.67778070526608,True,True,mcl1_extra_flips_molecule_58.sdf,0.34507042253521125
CHEMBL4361_5vkc_CHEMBL4070674,bindingnet,/rds/general/user/cr725/home/aev-plig_research/github_tsBAP_official/data/raw/bindingnet/from_chembl_client/5vkc/rec_h_opt.pdb,/rds/general/user/cr725/home/aev-plig_research/github_tsBAP_official/data/raw/bindingnet/from_chembl_client/5vkc/target_CHEMBL4361/CHEMBL4070674/5vkc_CHEMBL4361_CHEMBL4070674.sdf,8.886056647693163,True,True,mcl1_extra_flips_molecule_58.sdf,0.3402777777777778
CHEMBL4361_4wgi_CHEMBL3358901,bindingnet,/rds/general/user/cr725/home/aev-plig_research/github_tsBAP_official/data/raw/bindingnet/from_chembl_client/4wgi/rec_h_opt.pdb,/rds/general/user/cr725/home/aev-plig_research/github_tsBAP_official/data/raw/bindingnet/from_chembl_client/4wgi/target_CHEMBL4361/CHEMBL3358901/4wgi_CHEMBL4361_CHEMBL3358901.sdf,5.0,True,True,mcl1_extra_flips_molecule_34.sdf,0.14193548387096774
CHEMBL4361_4wgi_CHEMBL3358892,bindingnet,/rds/general/user/cr725/home/aev-plig_research/github_tsBAP_official/data/raw/bindingnet/from_chembl_client/4wgi/rec_h_opt.pdb,/rds/general/user/cr725/home/aev-plig_research/github_tsBAP_official/data/raw/bindingnet/from_chembl_client/4wgi/target_CHEMBL4361/CHEMBL3358892/4wgi_CHEMBL4361_CHEMBL3358892.sdf,5.471547574331764,True,True,mcl1_extra_flips_molecule_34.sdf,0.14012738853503184
CHEMBL4361_4wgi_CHEMBL3358899,bindingnet,/rds/general/user/cr725/home/aev-plig_research/github_tsBAP_official/data/raw/bindingnet/from_chembl_client/4wgi/rec_h_opt.pdb,/rds/general/user/cr725/home/aev-plig_research/github_tsBAP_official/data/raw/bindingnet/from_chembl_client/4wgi/target_CHEMBL4361/CHEMBL3358899/4wgi_CHEMBL4361_CHEMBL3358899.sdf,5.3872161432802645,True,True,mcl1_extra_flips_molecule_34.sdf,0.13664596273291926
CHEMBL4361_5vkc_CHEMBL4087636,bindingnet,/rds/general/user/cr725/home/aev-plig_research/github_tsBAP_official/data/raw/bindingnet/from_chembl_client/5vkc/rec_h_opt.pdb,/rds/general/user/cr725/home/aev-plig_research/github_tsBAP_official/data/raw/bindingnet/from_chembl_client/5vkc/target_CHEMBL4361/CHEMBL4087636/5vkc_CHEMBL4361_CHEMBL4087636.sdf,9.410224104417406,True,True,mcl1_extra_flips_molecule_58.sdf,0.3288590604026846
CHEMBL4361_5vkc_CHEMBL4067929,bindingnet,/rds/general/user/cr725/home/aev-plig_research/github_tsBAP_official/data/raw/bindingnet/from_chembl_client/5vkc/rec_h_opt.pdb,/rds/general/user/cr725/home/aev-plig_research/github_tsBAP_official/data/raw/bindingnet/from_chembl_client/5vkc/target_CHEMBL4361/CHEMBL4067929/5vkc_CHEMBL4361_CHEMBL4067929.sdf,9.707834387816234,True,True,mcl1_extra_flips_molecule_58.sdf,0.3288590604026846
CHEMBL4361_5vkc_CHEMBL3417706,bindingnet,/rds/general/user/cr725/home/aev-plig_research/github_tsBAP_official/data/raw/bindingnet/from_chembl_client/5vkc/rec_h_opt.pdb,/rds/general/user/cr725/home/aev-plig_research/github_tsBAP_official/data/raw/bindingnet/from_chembl_client/5vkc/target_CHEMBL4361/CHEMBL3417706/5vkc_CHEMBL4361_CHEMBL3417706.sdf,7.876750709602099,True,True,mcl1_extra_flips_molecule_57.sdf,0.34868421052631576
5vkc,pdbbind,/rds/general/user/cr725/home/aev-plig_research/github_tsBAP_official/data/raw/pdbbind/refined-set/5vkc/5vkc_protein.pdb,/rds/general/user/cr725/home/aev-plig_research/github_tsBAP_official/data/raw/pdbbind/refined-set/5vkc/5vkc_ligand.mol2,8.74,True,True,mcl1_extra_flips_molecule_57.sdf,0.310126582278481
CHEMBL4361_4zbi_CHEMBL3426324,bindingnet,/rds/general/user/cr725/home/aev-plig_research/github_tsBAP_official/data/raw/bindingnet/from_chembl_client/4zbi/rec_h_opt.pdb,/rds/general/user/cr725/home/aev-plig_research/github_tsBAP_official/data/raw/bindingnet/from_chembl_client/4zbi/target_CHEMBL4361/CHEMBL3426324/4zbi_CHEMBL4361_CHEMBL3426324.sdf,7.214670164989233,True,True,mcl1_extra_flips_molecule_57.sdf,0.49504950495049505
CHEMBL4361_4zbi_CHEMBL3426321,bindingnet,/rds/general/user/cr725/home/aev-plig_research/github_tsBAP_official/data/raw/bindingnet/from_chembl_client/4zbi/rec_h_opt.pdb,/rds/general/user/cr725/home/aev-plig_research/github_tsBAP_official/data/raw/bindingnet/from_chembl_client/4zbi/target_CHEMBL4361/CHEMBL3426321/4zbi_CHEMBL4361_CHEMBL3426321.sdf,7.055517327849832,True,True,mcl1_extra_flips_molecule_57.sdf,0.5050505050505051
6udy,pdbbind,/rds/general/user/cr725/home/aev-plig_research/github_tsBAP_official/data/raw/pdbbind/general-set/6udy/6udy_protein.pdb,/rds/general/user/cr725/home/aev-plig_research/github_tsBAP_official/data/raw/pdbbind/general-set/6udy/6udy_ligand.mol2,7.57,True,True,mcl1_extra_flips_molecule_58.sdf,0.1510791366906475
6o6f,pdbbind,/rds/general/user/cr725/home/aev-plig_research/github_tsBAP_official/data/raw/pdbbind/general-set/6o6f/6o6f_protein.pdb,/rds/general/user/cr725/home/aev-plig_research/github_tsBAP_official/data/raw/pdbbind/general-set/6o6f/6o6f_ligand.mol2,7.4,True,True,mcl1_extra_flips_molecule_58.sdf,0.15328467153284672
CHEMBL4361_5vkc_CHEMBL4064491,bindingnet,/rds/general/user/cr725/home/aev-plig_research/github_tsBAP_official/data/raw/bindingnet/from_chembl_client/5vkc/rec_h_opt.pdb,/rds/general/user/cr725/home/aev-plig_research/github_tsBAP_official/data/raw/bindingnet/from_chembl_client/5vkc/target_CHEMBL4361/CHEMBL4064491/5vkc_CHEMBL4361_CHEMBL4064491.sdf,8.05311911897103,True,True,mcl1_extra_flips_molecule_56.sdf,0.3380281690140845
CHEMBL4361_6fs0_CHEMBL1326167,bindingnet,/rds/general/user/cr725/home/aev-plig_research/github_tsBAP_official/data/raw/bindingnet/from_chembl_client/6fs0/rec_h_opt.pdb,/rds/general/user/cr725/home/aev-plig_research/github_tsBAP_official/data/raw/bindingnet/from_chembl_client/6fs0/target_CHEMBL4361/CHEMBL1326167/6fs0_CHEMBL4361_CHEMBL1326167.sdf,5.813235722761053,True,True,mcl1_extra_flips_molecule_61.sdf,0.10204081632653061
CHEMBL4361_6bw8_CHEMBL1342736,bindingnet,/rds/general/user/cr725/home/aev-plig_research/github_tsBAP_official/data/raw/bindingnet/from_chembl_client/6bw8/rec_h_opt.pdb,/rds/general/user/cr725/home/aev-plig_research/github_tsBAP_official/data/raw/bindingnet/from_chembl_client/6bw8/target_CHEMBL4361/CHEMBL1342736/6bw8_CHEMBL4361_CHEMBL1342736.sdf,5.71724877337176,True,True,mcl1_extra_flips_molecule_65.sdf,0.13013698630136986
CHEMBL4361_6b4l_CHEMBL3417580,bindingnet,/rds/general/user/cr725/home/aev-plig_research/github_tsBAP_official/data/raw/bindingnet/from_chembl_client/6b4l/rec_h_opt.pdb,/rds/general/user/cr725/home/aev-plig_research/github_tsBAP_official/data/raw/bindingnet/from_chembl_client/6b4l/target_CHEMBL4361/CHEMBL3417580/6b4l_CHEMBL4361_CHEMBL3417580.sdf,5.356547323513812,True,True,mcl1_extra_flips_molecule_27.sdf,0.5
CHEMBL4361_5vkc_CHEMBL4465845,bindingnet,/rds/general/user/cr725/home/aev-plig_research/github_tsBAP_official/data/raw/bindingnet/from_chembl_client/5vkc/rec_h_opt.pdb,/rds/general/user/cr725/home/aev-plig_research/github_tsBAP_official/data/raw/bindingnet/from_chembl_client/5vkc/target_CHEMBL4361/CHEMBL4465845/5vkc_CHEMBL4361_CHEMBL4465845.sdf,7.100329725273209,True,True,mcl1_extra_flips_molecule_58.sdf,0.3283582089552239
CHEMBL4361_5vkc_CHEMBL4162415,bindingnet,/rds/general/user/cr725/home/aev-plig_research/github_tsBAP_official/data/raw/bindingnet/from_chembl_client/5vkc/rec_h_opt.pdb,/rds/general/user/cr725/home/aev-plig_research/github_tsBAP_official/data/raw/bindingnet/from_chembl_client/5vkc/target_CHEMBL4361/CHEMBL4162415/5vkc_CHEMBL4361_CHEMBL4162415.sdf,8.224753740259764,True,True,mcl1_extra_flips_molecule_57.sdf,0.4108527131782946
CHEMBL4361_5vkc_CHEMBL4096922,bindingnet,/rds/general/user/cr725/home/aev-plig_research/github_tsBAP_official/data/raw/bindingnet/from_chembl_client/5vkc/rec_h_opt.pdb,/rds/general/user/cr725/home/aev-plig_research/github_tsBAP_official/data/raw/bindingnet/from_chembl_client/5vkc/target_CHEMBL4361/CHEMBL4096922/5vkc_CHEMBL4361_CHEMBL4096922.sdf,7.017728766960431,True,True,mcl1_extra_flips_molecule_50.sdf,0.4094488188976378
CHEMBL4361_5vkc_CHEMBL4071980,bindingnet,/rds/general/user/cr725/home/aev-plig_research/github_tsBAP_official/data/raw/bindingnet/from_chembl_client/5vkc/rec_h_opt.pdb,/rds/general/user/cr725/home/aev-plig_research/github_tsBAP_official/data/raw/bindingnet/from_chembl_client/5vkc/target_CHEMBL4361/CHEMBL4071980/5vkc_CHEMBL4361_CHEMBL4071980.sdf,7.240348575382286,True,True,mcl1_extra_flips_molecule_37.sdf,0.3953488372093023
CHEMBL4361_5vkc_CHEMBL4064457,bindingnet,/rds/general/user/cr725/home/aev-plig_research/github_tsBAP_official/data/raw/bindingnet/from_chembl_client/5vkc/rec_h_opt.pdb,/rds/general/user/cr725/home/aev-plig_research/github_tsBAP_official/data/raw/bindingnet/from_chembl_client/5vkc/target_CHEMBL4361/CHEMBL4064457/5vkc_CHEMBL4361_CHEMBL4064457.sdf,7.596910013008056,True,True,mcl1_extra_flips_molecule_37.sdf,0.44166666666666665
CHEMBL4361_5vkc_CHEMBL3785313,bindingnet,/rds/general/user/cr725/home/aev-plig_research/github_tsBAP_official/data/raw/bindingnet/from_chembl_client/5vkc/rec_h_opt.pdb,/rds/general/user/cr725/home/aev-plig_research/github_tsBAP_official/data/raw/bindingnet/from_chembl_client/5vkc/target_CHEMBL4361/CHEMBL3785313/5vkc_CHEMBL4361_CHEMBL3785313.sdf,7.631403678647631,True,True,mcl1_extra_flips_molecule_53.sdf,0.3141025641025641
CHEMBL4361_5vkc_CHEMBL3417699,bindingnet,/rds/general/user/cr725/home/aev-plig_research/github_tsBAP_official/data/raw/bindingnet/from_chembl_client/5vkc/rec_h_opt.pdb,/rds/general/user/cr725/home/aev-plig_research/github_tsBAP_official/data/raw/bindingnet/from_chembl_client/5vkc/target_CHEMBL4361/CHEMBL3417699/5vkc_CHEMBL4361_CHEMBL3417699.sdf,8.309894379144197,True,True,mcl1_extra_flips_molecule_57.sdf,0.3006134969325153
CHEMBL4361_5mev_CHEMBL4460550,bindingnet,/rds/general/user/cr725/home/aev-plig_research/github_tsBAP_official/data/raw/bindingnet/from_chembl_client/5mev/rec_h_opt.pdb,/rds/general/user/cr725/home/aev-plig_research/github_tsBAP_official/data/raw/bindingnet/from_chembl_client/5mev/target_CHEMBL4361/CHEMBL4460550/5mev_CHEMBL4361_CHEMBL4460550.sdf,6.431798275933005,True,True,mcl1_extra_flips_molecule_52.sdf,0.14201183431952663
CHEMBL4361_5if4_CHEMBL3786622,bindingnet,/rds/general/user/cr725/home/aev-plig_research/github_tsBAP_official/data/raw/bindingnet/from_chembl_client/5if4/rec_h_opt.pdb,/rds/general/user/cr725/home/aev-plig_research/github_tsBAP_official/data/raw/bindingnet/from_chembl_client/5if4/target_CHEMBL4361/CHEMBL3786622/5if4_CHEMBL4361_CHEMBL3786622.sdf,7.290187319556129,True,True,mcl1_extra_flips_molecule_37.sdf,0.39344262295081966
CHEMBL4361_5if4_CHEMBL1392551,bindingnet,/rds/general/user/cr725/home/aev-plig_research/github_tsBAP_official/data/raw/bindingnet/from_chembl_client/5if4/rec_h_opt.pdb,/rds/general/user/cr725/home/aev-plig_research/github_tsBAP_official/data/raw/bindingnet/from_chembl_client/5if4/target_CHEMBL4361/CHEMBL1392551/5if4_CHEMBL4361_CHEMBL1392551.sdf,5.926402609264249,True,True,mcl1_extra_flips_molecule_40_flip.sdf,0.09848484848484848
CHEMBL4361_5fdr_CHEMBL3787122,bindingnet,/rds/general/user/cr725/home/aev-plig_research/github_tsBAP_official/data/raw/bindingnet/from_chembl_client/5fdr/rec_h_opt.pdb,/rds/general/user/cr725/home/aev-plig_research/github_tsBAP_official/data/raw/bindingnet/from_chembl_client/5fdr/target_CHEMBL4361/CHEMBL3787122/5fdr_CHEMBL4361_CHEMBL3787122.sdf,6.935542010773082,True,True,mcl1_extra_flips_molecule_53.sdf,0.6458333333333334
CHEMBL4361_4zbi_CHEMBL3426330,bindingnet,/rds/general/user/cr725/home/aev-plig_research/github_tsBAP_official/data/raw/bindingnet/from_chembl_client/4zbi/rec_h_opt.pdb,/rds/general/user/cr725/home/aev-plig_research/github_tsBAP_official/data/raw/bindingnet/from_chembl_client/4zbi/target_CHEMBL4361/CHEMBL3426330/4zbi_CHEMBL4361_CHEMBL3426330.sdf,6.958607314841775,True,True,mcl1_extra_flips_molecule_56.sdf,0.5050505050505051
CHEMBL4361_4zbf_CHEMBL3426326,bindingnet,/rds/general/user/cr725/home/aev-plig_research/github_tsBAP_official/data/raw/bindingnet/from_chembl_client/4zbf/rec_h_opt.pdb,/rds/general/user/cr725/home/aev-plig_research/github_tsBAP_official/data/raw/bindingnet/from_chembl_client/4zbf/target_CHEMBL4361/CHEMBL3426326/4zbf_CHEMBL4361_CHEMBL3426326.sdf,6.698970004336019,True,True,mcl1_extra_flips_molecule_44.sdf,0.47
CHEMBL4361_4wmx_CHEMBL285503,bindingnet,/rds/general/user/cr725/home/aev-plig_research/github_tsBAP_official/data/raw/bindingnet/from_chembl_client/4wmx/rec_h_opt.pdb,/rds/general/user/cr725/home/aev-plig_research/github_tsBAP_official/data/raw/bindingnet/from_chembl_client/4wmx/target_CHEMBL4361/CHEMBL285503/4wmx_CHEMBL4361_CHEMBL285503.sdf,4.320572103387881,True,True,mcl1_extra_flips_molecule_27.sdf,0.16279069767441862
CHEMBL4361_4wmu_CHEMBL2314502,bindingnet,/rds/general/user/cr725/home/aev-plig_research/github_tsBAP_official/data/raw/bindingnet/from_chembl_client/4wmu/rec_h_opt.pdb,/rds/general/user/cr725/home/aev-plig_research/github_tsBAP_official/data/raw/bindingnet/from_chembl_client/4wmu/target_CHEMBL4361/CHEMBL2314502/4wmu_CHEMBL4361_CHEMBL2314502.sdf,7.180456064458132,True,True,mcl1_extra_flips_molecule_45.sdf,0.7142857142857143
CHEMBL4361_4oq6_CHEMBL3126316,bindingnet,/rds/general/user/cr725/home/aev-plig_research/github_tsBAP_official/data/raw/bindingnet/from_chembl_client/4oq6/rec_h_opt.pdb,/rds/general/user/cr725/home/aev-plig_research/github_tsBAP_official/data/raw/bindingnet/from_chembl_client/4oq6/target_CHEMBL4361/CHEMBL3126316/4oq6_CHEMBL4361_CHEMBL3126316.sdf,4.657577319177793,True,True,mcl1_extra_flips_molecule_28.sdf,0.20212765957446807
CHEMBL4361_4oq5_CHEMBL3126332,bindingnet,/rds/general/user/cr725/home/aev-plig_research/github_tsBAP_official/data/raw/bindingnet/from_chembl_client/4oq5/rec_h_opt.pdb,/rds/general/user/cr725/home/aev-plig_research/github_tsBAP_official/data/raw/bindingnet/from_chembl_client/4oq5/target_CHEMBL4361/CHEMBL3126332/4oq5_CHEMBL4361_CHEMBL3126332.sdf,5.920818753952375,True,True,mcl1_extra_flips_molecule_60.sdf,0.20634920634920634
CHEMBL4361_4oq5_CHEMBL3126327,bindingnet,/rds/general/user/cr725/home/aev-plig_research/github_tsBAP_official/data/raw/bindingnet/from_chembl_client/4oq5/rec_h_opt.pdb,/rds/general/user/cr725/home/aev-plig_research/github_tsBAP_official/data/raw/bindingnet/from_chembl_client/4oq5/target_CHEMBL4361/CHEMBL3126327/4oq5_CHEMBL4361_CHEMBL3126327.sdf,4.431798275933005,True,True,mcl1_extra_flips_molecule_47_flip.sdf,0.18548387096774194
CHEMBL4361_4oq5_CHEMBL3126307,bindingnet,/rds/general/user/cr725/home/aev-plig_research/github_tsBAP_official/data/raw/bindingnet/from_chembl_client/4oq5/rec_h_opt.pdb,/rds/general/user/cr725/home/aev-plig_research/github_tsBAP_official/data/raw/bindingnet/from_chembl_client/4oq5/target_CHEMBL4361/CHEMBL3126307/4oq5_CHEMBL4361_CHEMBL3126307.sdf,6.823908740944319,True,True,mcl1_extra_flips_molecule_37.sdf,0.20454545454545456
CHEMBL4361_4hw2_CHEMBL3786981,bindingnet,/rds/general/user/cr725/home/aev-plig_research/github_tsBAP_official/data/raw/bindingnet/from_chembl_client/4hw2/rec_h_opt.pdb,/rds/general/user/cr725/home/aev-plig_research/github_tsBAP_official/data/raw/bindingnet/from_chembl_client/4hw2/target_CHEMBL4361/CHEMBL3786981/4hw2_CHEMBL4361_CHEMBL3786981.sdf,6.679853713888946,True,True,mcl1_extra_flips_molecule_53.sdf,0.7045454545454546
6ud2,pdbbind,/rds/general/user/cr725/home/aev-plig_research/github_tsBAP_official/data/raw/pdbbind/refined-set/6ud2/6ud2_protein.pdb,/rds/general/user/cr725/home/aev-plig_research/github_tsBAP_official/data/raw/pdbbind/refined-set/6ud2/6ud2_ligand.mol2,10.21,True,True,mcl1_extra_flips_molecule_58.sdf,0.14215686274509803
6udu,pdbbind,/rds/general/user/cr725/home/aev-plig_research/github_tsBAP_official/data/raw/pdbbind/refined-set/6udu/6udu_protein.pdb,/rds/general/user/cr725/home/aev-plig_research/github_tsBAP_official/data/raw/pdbbind/refined-set/6udu/6udu_ligand.mol2,9.3,True,True,mcl1_extra_flips_molecule_58.sdf,0.14465408805031446
4hw2,pdbbind,/rds/general/user/cr725/home/aev-plig_research/github_tsBAP_official/data/raw/pdbbind/general-set/4hw2/4hw2_protein.pdb,/rds/general/user/cr725/home/aev-plig_research/github_tsBAP_official/data/raw/pdbbind/general-set/4hw2/4hw2_ligand.mol2,7.26,True,True,mcl1_extra_flips_molecule_63.sdf,0.5
6ovc,pdbbind,/rds/general/user/cr725/home/aev-plig_research/github_tsBAP_official/data/raw/pdbbind/general-set/6ovc/6ovc_protein.pdb,/rds/general/user/cr725/home/aev-plig_research/github_tsBAP_official/data/raw/pdbbind/general-set/6ovc/6ovc_ligand.mol2,6.52,True,True,mcl1_extra_flips_molecule_68.sdf,0.14965986394557823
6b4l,pdbbind,/rds/general/user/cr725/home/aev-plig_research/github_tsBAP_official/data/raw/pdbbind/refined-set/6b4l/6b4l_protein.pdb,/rds/general/user/cr725/home/aev-plig_research/github_tsBAP_official/data/raw/pdbbind/refined-set/6b4l/6b4l_ligand.mol2,6.47,True,True,mcl1_extra_flips_molecule_26.sdf,0.4827586206896552
CHEMBL4361_5vkc_CHEMBL4083870,bindingnet,/rds/general/user/cr725/home/aev-plig_research/github_tsBAP_official/data/raw/bindingnet/from_chembl_client/5vkc/rec_h_opt.pdb,/rds/general/user/cr725/home/aev-plig_research/github_tsBAP_official/data/raw/bindingnet/from_chembl_client/5vkc/target_CHEMBL4361/CHEMBL4083870/5vkc_CHEMBL4361_CHEMBL4083870.sdf,8.795880017344075,True,True,mcl1_extra_flips_molecule_56.sdf,0.3356643356643357
6bw8,pdbbind,/rds/general/user/cr725/home/aev-plig_research/github_tsBAP_official/data/raw/pdbbind/general-set/6bw8/6bw8_protein.pdb,/rds/general/user/cr725/home/aev-plig_research/github_tsBAP_official/data/raw/pdbbind/general-set/6bw8/6bw8_ligand.mol2,9.0,True,True,mcl1_extra_flips_molecule_65.sdf,0.3129251700680272
CHEMBL4361_5vkc_CHEMBL4061061,bindingnet,/rds/general/user/cr725/home/aev-plig_research/github_tsBAP_official/data/raw/bindingnet/from_chembl_client/5vkc/rec_h_opt.pdb,/rds/general/user/cr725/home/aev-plig_research/github_tsBAP_official/data/raw/bindingnet/from_chembl_client/5vkc/target_CHEMBL4361/CHEMBL4061061/5vkc_CHEMBL4361_CHEMBL4061061.sdf,8.853871964321762,True,True,mcl1_extra_flips_molecule_56.sdf,0.32653061224489793
CHEMBL4361_5vkc_CHEMBL4082941,bindingnet,/rds/general/user/cr725/home/aev-plig_research/github_tsBAP_official/data/raw/bindingnet/from_chembl_client/5vkc/rec_h_opt.pdb,/rds/general/user/cr725/home/aev-plig_research/github_tsBAP_official/data/raw/bindingnet/from_chembl_client/5vkc/target_CHEMBL4361/CHEMBL4082941/5vkc_CHEMBL4361_CHEMBL4082941.sdf,8.920818753952375,True,True,mcl1_extra_flips_molecule_65.sdf,0.33793103448275863
CHEMBL4361_5vkc_CHEMBL4091647,bindingnet,/rds/general/user/cr725/home/aev-plig_research/github_tsBAP_official/data/raw/bindingnet/from_chembl_client/5vkc/rec_h_opt.pdb,/rds/general/user/cr725/home/aev-plig_research/github_tsBAP_official/data/raw/bindingnet/from_chembl_client/5vkc/target_CHEMBL4361/CHEMBL4091647/5vkc_CHEMBL4361_CHEMBL4091647.sdf,8.270303756120384,True,True,mcl1_extra_flips_molecule_58.sdf,0.3333333333333333
CHEMBL4361_5vkc_CHEMBL4076107,bindingnet,/rds/general/user/cr725/home/aev-plig_research/github_tsBAP_official/data/raw/bindingnet/from_chembl_client/5vkc/rec_h_opt.pdb,/rds/general/user/cr725/home/aev-plig_research/github_tsBAP_official/data/raw/bindingnet/from_chembl_client/5vkc/target_CHEMBL4361/CHEMBL4076107/5vkc_CHEMBL4361_CHEMBL4076107.sdf,7.657577319177793,True,True,mcl1_extra_flips_molecule_53.sdf,0.4146341463414634
CHEMBL4361_5vkc_CHEMBL3770817,bindingnet,/rds/general/user/cr725/home/aev-plig_research/github_tsBAP_official/data/raw/bindingnet/from_chembl_client/5vkc/rec_h_opt.pdb,/rds/general/user/cr725/home/aev-plig_research/github_tsBAP_official/data/raw/bindingnet/from_chembl_client/5vkc/target_CHEMBL4361/CHEMBL3770817/5vkc_CHEMBL4361_CHEMBL3770817.sdf,7.292429823902063,True,True,mcl1_extra_flips_molecule_53.sdf,0.375
CHEMBL4361_5vkc_CHEMBL4060484,bindingnet,/rds/general/user/cr725/home/aev-plig_research/github_tsBAP_official/data/raw/bindingnet/from_chembl_client/5vkc/rec_h_opt.pdb,/rds/general/user/cr725/home/aev-plig_research/github_tsBAP_official/data/raw/bindingnet/from_chembl_client/5vkc/target_CHEMBL4361/CHEMBL4060484/5vkc_CHEMBL4361_CHEMBL4060484.sdf,7.313268139183815,True,True,mcl1_extra_flips_molecule_53.sdf,0.3893129770992366
CHEMBL4361_5vkc_CHEMBL4082389,bindingnet,/rds/general/user/cr725/home/aev-plig_research/github_tsBAP_official/data/raw/bindingnet/from_chembl_client/5vkc/rec_h_opt.pdb,/rds/general/user/cr725/home/aev-plig_research/github_tsBAP_official/data/raw/bindingnet/from_chembl_client/5vkc/target_CHEMBL4361/CHEMBL4082389/5vkc_CHEMBL4361_CHEMBL4082389.sdf,7.638272163982407,True,True,mcl1_extra_flips_molecule_53.sdf,0.3984375
CHEMBL4361_5vkc_CHEMBL4578397,bindingnet,/rds/general/user/cr725/home/aev-plig_research/github_tsBAP_official/data/raw/bindingnet/from_chembl_client/5vkc/rec_h_opt.pdb,/rds/general/user/cr725/home/aev-plig_research/github_tsBAP_official/data/raw/bindingnet/from_chembl_client/5vkc/target_CHEMBL4361/CHEMBL4578397/5vkc_CHEMBL4361_CHEMBL4578397.sdf,7.903159485229359,True,True,mcl1_extra_flips_molecule_58.sdf,0.3310344827586207
CHEMBL4361_5vkc_CHEMBL4563223,bindingnet,/rds/general/user/cr725/home/aev-plig_research/github_tsBAP_official/data/raw/bindingnet/from_chembl_client/5vkc/rec_h_opt.pdb,/rds/general/user/cr725/home/aev-plig_research/github_tsBAP_official/data/raw/bindingnet/from_chembl_client/5vkc/target_CHEMBL4361/CHEMBL4563223/5vkc_CHEMBL4361_CHEMBL4563223.sdf,7.605350694420279,True,True,mcl1_extra_flips_molecule_56.sdf,0.32653061224489793
CHEMBL4361_5vkc_CHEMBL4580123,bindingnet,/rds/general/user/cr725/home/aev-plig_research/github_tsBAP_official/data/raw/bindingnet/from_chembl_client/5vkc/rec_h_opt.pdb,/rds/general/user/cr725/home/aev-plig_research/github_tsBAP_official/data/raw/bindingnet/from_chembl_client/5vkc/target_CHEMBL4361/CHEMBL4580123/5vkc_CHEMBL4361_CHEMBL4580123.sdf,7.400122411373262,True,True,mcl1_extra_flips_molecule_58.sdf,0.32
CHEMBL4361_4zbi_CHEMBL3425519,bindingnet,/rds/general/user/cr725/home/aev-plig_research/github_tsBAP_official/data/raw/bindingnet/from_chembl_client/4zbi/rec_h_opt.pdb,/rds/general/user/cr725/home/aev-plig_research/github_tsBAP_official/data/raw/bindingnet/from_chembl_client/4zbi/target_CHEMBL4361/CHEMBL3425519/4zbi_CHEMBL4361_CHEMBL3425519.sdf,6.920818753952375,True,True,mcl1_extra_flips_molecule_57.sdf,0.5154639175257731
CHEMBL4361_4zbf_CHEMBL3426316,bindingnet,/rds/general/user/cr725/home/aev-plig_research/github_tsBAP_official/data/raw/bindingnet/from_chembl_client/4zbf/rec_h_opt.pdb,/rds/general/user/cr725/home/aev-plig_research/github_tsBAP_official/data/raw/bindingnet/from_chembl_client/4zbf/target_CHEMBL4361/CHEMBL3426316/4zbf_CHEMBL4361_CHEMBL3426316.sdf,5.522878745280337,True,True,mcl1_extra_flips_molecule_57.sdf,0.4215686274509804
CHEMBL4361_4zbi_CHEMBL3426322,bindingnet,/rds/general/user/cr725/home/aev-plig_research/github_tsBAP_official/data/raw/bindingnet/from_chembl_client/4zbi/rec_h_opt.pdb,/rds/general/user/cr725/home/aev-plig_research/github_tsBAP_official/data/raw/bindingnet/from_chembl_client/4zbi/target_CHEMBL4361/CHEMBL3426322/4zbi_CHEMBL4361_CHEMBL3426322.sdf,6.769551078621726,True,True,mcl1_extra_flips_molecule_57.sdf,0.49504950495049505
CHEMBL4361_5vkc_CHEMBL4176472,bindingnet,/rds/general/user/cr725/home/aev-plig_research/github_tsBAP_official/data/raw/bindingnet/from_chembl_client/5vkc/rec_h_opt.pdb,/rds/general/user/cr725/home/aev-plig_research/github_tsBAP_official/data/raw/bindingnet/from_chembl_client/5vkc/target_CHEMBL4361/CHEMBL4176472/5vkc_CHEMBL4361_CHEMBL4176472.sdf,7.22548303427145,True,True,mcl1_extra_flips_molecule_42.sdf,0.42063492063492064
CHEMBL4361_5vkc_CHEMBL4159212,bindingnet,/rds/general/user/cr725/home/aev-plig_research/github_tsBAP_official/data/raw/bindingnet/from_chembl_client/5vkc/rec_h_opt.pdb,/rds/general/user/cr725/home/aev-plig_research/github_tsBAP_official/data/raw/bindingnet/from_chembl_client/5vkc/target_CHEMBL4361/CHEMBL4159212/5vkc_CHEMBL4361_CHEMBL4159212.sdf,6.416801226031377,True,True,mcl1_extra_flips_molecule_42.sdf,0.45689655172413796
CHEMBL4361_5vkc_CHEMBL3786327,bindingnet,/rds/general/user/cr725/home/aev-plig_research/github_tsBAP_official/data/raw/bindingnet/from_chembl_client/5vkc/rec_h_opt.pdb,/rds/general/user/cr725/home/aev-plig_research/github_tsBAP_official/data/raw/bindingnet/from_chembl_client/5vkc/target_CHEMBL4361/CHEMBL3786327/5vkc_CHEMBL4361_CHEMBL3786327.sdf,8.014362075630947,True,True,mcl1_extra_flips_molecule_37.sdf,0.3310344827586207
CHEMBL4361_5vkc_CHEMBL3785689,bindingnet,/rds/general/user/cr725/home/aev-plig_research/github_tsBAP_official/data/raw/bindingnet/from_chembl_client/5vkc/rec_h_opt.pdb,/rds/general/user/cr725/home/aev-plig_research/github_tsBAP_official/data/raw/bindingnet/from_chembl_client/5vkc/target_CHEMBL4361/CHEMBL3785689/5vkc_CHEMBL4361_CHEMBL3785689.sdf,7.4994794710069534,True,True,mcl1_extra_flips_molecule_53.sdf,0.3287671232876712
CHEMBL4361_5if4_CHEMBL4537357,bindingnet,/rds/general/user/cr725/home/aev-plig_research/github_tsBAP_official/data/raw/bindingnet/from_chembl_client/5if4/rec_h_opt.pdb,/rds/general/user/cr725/home/aev-plig_research/github_tsBAP_official/data/raw/bindingnet/from_chembl_client/5if4/target_CHEMBL4361/CHEMBL4537357/5if4_CHEMBL4361_CHEMBL4537357.sdf,7.337242168318426,True,True,mcl1_extra_flips_molecule_60.sdf,0.18
6qyp,pdbbind,/rds/general/user/cr725/home/aev-plig_research/github_tsBAP_official/data/raw/pdbbind/general-set/6qyp/6qyp_protein.pdb,/rds/general/user/cr725/home/aev-plig_research/github_tsBAP_official/data/raw/pdbbind/general-set/6qyp/6qyp_ligand.mol2,7.15,True,True,mcl1_extra_flips_molecule_60.sdf,0.16339869281045752
CHEMBL4361_4oq5_CHEMBL3126304,bindingnet,/rds/general/user/cr725/home/aev-plig_research/github_tsBAP_official/data/raw/bindingnet/from_chembl_client/4oq5/rec_h_opt.pdb,/rds/general/user/cr725/home/aev-plig_research/github_tsBAP_official/data/raw/bindingnet/from_chembl_client/4oq5/target_CHEMBL4361/CHEMBL3126304/4oq5_CHEMBL4361_CHEMBL3126304.sdf,6.301029995663981,True,True,mcl1_extra_flips_molecule_41_flip.sdf,0.2564102564102564
4oq5,pdbbind,/rds/general/user/cr725/home/aev-plig_research/github_tsBAP_official/data/raw/pdbbind/general-set/4oq5/4oq5_protein.pdb,/rds/general/user/cr725/home/aev-plig_research/github_tsBAP_official/data/raw/pdbbind/general-set/4oq5/4oq5_ligand.mol2,6.3,True,True,mcl1_extra_flips_molecule_41_flip.sdf,0.22131147540983606
CHEMBL4361_5vkc_CHEMBL4462125,bindingnet,/rds/general/user/cr725/home/aev-plig_research/github_tsBAP_official/data/raw/bindingnet/from_chembl_client/5vkc/rec_h_opt.pdb,/rds/general/user/cr725/home/aev-plig_research/github_tsBAP_official/data/raw/bindingnet/from_chembl_client/5vkc/target_CHEMBL4361/CHEMBL4462125/5vkc_CHEMBL4361_CHEMBL4462125.sdf,7.920818753952375,True,True,mcl1_extra_flips_molecule_58.sdf,0.3221476510067114
CHEMBL4361_6fs1_CHEMBL3417692,bindingnet,/rds/general/user/cr725/home/aev-plig_research/github_tsBAP_official/data/raw/bindingnet/from_chembl_client/6fs1/rec_h_opt.pdb,/rds/general/user/cr725/home/aev-plig_research/github_tsBAP_official/data/raw/bindingnet/from_chembl_client/6fs1/target_CHEMBL4361/CHEMBL3417692/6fs1_CHEMBL4361_CHEMBL3417692.sdf,5.941033082480179,True,True,mcl1_extra_flips_molecule_42.sdf,0.5353535353535354
CHEMBL4361_6bw8_CHEMBL3194554,bindingnet,/rds/general/user/cr725/home/aev-plig_research/github_tsBAP_official/data/raw/bindingnet/from_chembl_client/6bw8/rec_h_opt.pdb,/rds/general/user/cr725/home/aev-plig_research/github_tsBAP_official/data/raw/bindingnet/from_chembl_client/6bw8/target_CHEMBL4361/CHEMBL3194554/6bw8_CHEMBL4361_CHEMBL3194554.sdf,5.523171268725434,True,True,mcl1_extra_flips_molecule_60.sdf,0.15333333333333332
CHEMBL4361_6bw2_CHEMBL3786051,bindingnet,/rds/general/user/cr725/home/aev-plig_research/github_tsBAP_official/data/raw/bindingnet/from_chembl_client/6bw2/rec_h_opt.pdb,/rds/general/user/cr725/home/aev-plig_research/github_tsBAP_official/data/raw/bindingnet/from_chembl_client/6bw2/target_CHEMBL4361/CHEMBL3786051/6bw2_CHEMBL4361_CHEMBL3786051.sdf,7.853871964321762,True,True,mcl1_extra_flips_molecule_37.sdf,0.4117647058823529
CHEMBL4361_5vkc_CHEMBL4525487,bindingnet,/rds/general/user/cr725/home/aev-plig_research/github_tsBAP_official/data/raw/bindingnet/from_chembl_client/5vkc/rec_h_opt.pdb,/rds/general/user/cr725/home/aev-plig_research/github_tsBAP_official/data/raw/bindingnet/from_chembl_client/5vkc/target_CHEMBL4361/CHEMBL4525487/5vkc_CHEMBL4361_CHEMBL4525487.sdf,9.297497667474817,True,True,mcl1_extra_flips_molecule_65.sdf,0.3333333333333333
CHEMBL4361_5vkc_CHEMBL4455792,bindingnet,/rds/general/user/cr725/home/aev-plig_research/github_tsBAP_official/data/raw/bindingnet/from_chembl_client/5vkc/rec_h_opt.pdb,/rds/general/user/cr725/home/aev-plig_research/github_tsBAP_official/data/raw/bindingnet/from_chembl_client/5vkc/target_CHEMBL4361/CHEMBL4455792/5vkc_CHEMBL4361_CHEMBL4455792.sdf,9.2508447231052,True,True,mcl1_extra_flips_molecule_58.sdf,0.3202614379084967
CHEMBL4361_5vkc_CHEMBL4101883,bindingnet,/rds/general/user/cr725/home/aev-plig_research/github_tsBAP_official/data/raw/bindingnet/from_chembl_client/5vkc/rec_h_opt.pdb,/rds/general/user/cr725/home/aev-plig_research/github_tsBAP_official/data/raw/bindingnet/from_chembl_client/5vkc/target_CHEMBL4361/CHEMBL4101883/5vkc_CHEMBL4361_CHEMBL4101883.sdf,9.0,True,True,mcl1_extra_flips_molecule_53.sdf,0.3181818181818182
CHEMBL4361_5vkc_CHEMBL4079912,bindingnet,/rds/general/user/cr725/home/aev-plig_research/github_tsBAP_official/data/raw/bindingnet/from_chembl_client/5vkc/rec_h_opt.pdb,/rds/general/user/cr725/home/aev-plig_research/github_tsBAP_official/data/raw/bindingnet/from_chembl_client/5vkc/target_CHEMBL4361/CHEMBL4079912/5vkc_CHEMBL4361_CHEMBL4079912.sdf,7.34518491628705,True,True,mcl1_extra_flips_molecule_53.sdf,0.38636363636363635
CHEMBL4361_5vkc_CHEMBL4067325,bindingnet,/rds/general/user/cr725/home/aev-plig_research/github_tsBAP_official/data/raw/bindingnet/from_chembl_client/5vkc/rec_h_opt.pdb,/rds/general/user/cr725/home/aev-plig_research/github_tsBAP_official/data/raw/bindingnet/from_chembl_client/5vkc/target_CHEMBL4361/CHEMBL4067325/5vkc_CHEMBL4361_CHEMBL4067325.sdf,8.439713034397075,True,True,mcl1_extra_flips_molecule_58.sdf,0.3287671232876712
CHEMBL4361_5vkc_CHEMBL3786945,bindingnet,/rds/general/user/cr725/home/aev-plig_research/github_tsBAP_official/data/raw/bindingnet/from_chembl_client/5vkc/rec_h_opt.pdb,/rds/general/user/cr725/home/aev-plig_research/github_tsBAP_official/data/raw/bindingnet/from_chembl_client/5vkc/target_CHEMBL4361/CHEMBL3786945/5vkc_CHEMBL4361_CHEMBL3786945.sdf,7.481685552318919,True,True,mcl1_extra_flips_molecule_37.sdf,0.3870967741935484
CHEMBL4361_5vkc_CHEMBL3785263,bindingnet,/rds/general/user/cr725/home/aev-plig_research/github_tsBAP_official/data/raw/bindingnet/from_chembl_client/5vkc/rec_h_opt.pdb,/rds/general/user/cr725/home/aev-plig_research/github_tsBAP_official/data/raw/bindingnet/from_chembl_client/5vkc/target_CHEMBL4361/CHEMBL3785263/5vkc_CHEMBL4361_CHEMBL3785263.sdf,9.10790539730952,True,True,mcl1_extra_flips_molecule_53.sdf,0.38636363636363635
CHEMBL4361_5vkc_CHEMBL2314172,bindingnet,/rds/general/user/cr725/home/aev-plig_research/github_tsBAP_official/data/raw/bindingnet/from_chembl_client/5vkc/rec_h_opt.pdb,/rds/general/user/cr725/home/aev-plig_research/github_tsBAP_official/data/raw/bindingnet/from_chembl_client/5vkc/target_CHEMBL4361/CHEMBL2314172/5vkc_CHEMBL4361_CHEMBL2314172.sdf,6.537602002101044,True,True,mcl1_extra_flips_molecule_57.sdf,0.6179775280898876
CHEMBL4361_5mev_CHEMBL4442625,bindingnet,/rds/general/user/cr725/home/aev-plig_research/github_tsBAP_official/data/raw/bindingnet/from_chembl_client/5mev/rec_h_opt.pdb,/rds/general/user/cr725/home/aev-plig_research/github_tsBAP_official/data/raw/bindingnet/from_chembl_client/5mev/target_CHEMBL4361/CHEMBL4442625/5mev_CHEMBL4361_CHEMBL4442625.sdf,5.913698534395071,True,True,mcl1_extra_flips_molecule_52.sdf,0.14035087719298245
CHEMBL4361_5if4_CHEMBL1491441,bindingnet,/rds/general/user/cr725/home/aev-plig_research/github_tsBAP_official/data/raw/bindingnet/from_chembl_client/5if4/rec_h_opt.pdb,/rds/general/user/cr725/home/aev-plig_research/github_tsBAP_official/data/raw/bindingnet/from_chembl_client/5if4/target_CHEMBL4361/CHEMBL1491441/5if4_CHEMBL4361_CHEMBL1491441.sdf,5.411848231032601,True,True,mcl1_extra_flips_molecule_26.sdf,0.15748031496062992
CHEMBL4361_5if4_CHEMBL1331031,bindingnet,/rds/general/user/cr725/home/aev-plig_research/github_tsBAP_official/data/raw/bindingnet/from_chembl_client/5if4/rec_h_opt.pdb,/rds/general/user/cr725/home/aev-plig_research/github_tsBAP_official/data/raw/bindingnet/from_chembl_client/5if4/target_CHEMBL4361/CHEMBL1331031/5if4_CHEMBL4361_CHEMBL1331031.sdf,5.728288469042563,True,True,mcl1_extra_flips_molecule_61.sdf,0.11688311688311688
CHEMBL4361_4zbi_CHEMBL3426334,bindingnet,/rds/general/user/cr725/home/aev-plig_research/github_tsBAP_official/data/raw/bindingnet/from_chembl_client/4zbi/rec_h_opt.pdb,/rds/general/user/cr725/home/aev-plig_research/github_tsBAP_official/data/raw/bindingnet/from_chembl_client/4zbi/target_CHEMBL4361/CHEMBL3426334/4zbi_CHEMBL4361_CHEMBL3426334.sdf,8.045757490560675,True,True,mcl1_extra_flips_molecule_58.sdf,0.4854368932038835
CHEMBL4361_4zbi_CHEMBL3426323,bindingnet,/rds/general/user/cr725/home/aev-plig_research/github_tsBAP_official/data/raw/bindingnet/from_chembl_client/4zbi/rec_h_opt.pdb,/rds/general/user/cr725/home/aev-plig_research/github_tsBAP_official/data/raw/bindingnet/from_chembl_client/4zbi/target_CHEMBL4361/CHEMBL3426323/4zbi_CHEMBL4361_CHEMBL3426323.sdf,7.130768280269024,True,True,mcl1_extra_flips_molecule_26.sdf,0.3888888888888889
CHEMBL4361_4zbf_CHEMBL3426313,bindingnet,/rds/general/user/cr725/home/aev-plig_research/github_tsBAP_official/data/raw/bindingnet/from_chembl_client/4zbf/rec_h_opt.pdb,/rds/general/user/cr725/home/aev-plig_research/github_tsBAP_official/data/raw/bindingnet/from_chembl_client/4zbf/target_CHEMBL4361/CHEMBL3426313/4zbf_CHEMBL4361_CHEMBL3426313.sdf,4.7447274948966935,True,True,mcl1_extra_flips_molecule_57.sdf,0.18627450980392157
CHEMBL4361_4wmv_CHEMBL1612421,bindingnet,/rds/general/user/cr725/home/aev-plig_research/github_tsBAP_official/data/raw/bindingnet/from_chembl_client/4wmv/rec_h_opt.pdb,/rds/general/user/cr725/home/aev-plig_research/github_tsBAP_official/data/raw/bindingnet/from_chembl_client/4wmv/target_CHEMBL4361/CHEMBL1612421/4wmv_CHEMBL4361_CHEMBL1612421.sdf,4.657577319177793,True,True,mcl1_extra_flips_molecule_61.sdf,0.39473684210526316
CHEMBL4361_4oq6_CHEMBL3126319,bindingnet,/rds/general/user/cr725/home/aev-plig_research/github_tsBAP_official/data/raw/bindingnet/from_chembl_client/4oq6/rec_h_opt.pdb,/rds/general/user/cr725/home/aev-plig_research/github_tsBAP_official/data/raw/bindingnet/from_chembl_client/4oq6/target_CHEMBL4361/CHEMBL3126319/4oq6_CHEMBL4361_CHEMBL3126319.sdf,5.657577319177793,True,True,mcl1_extra_flips_molecule_39.sdf,0.2708333333333333
CHEMBL4361_4oq6_CHEMBL3126312,bindingnet,/rds/general/user/cr725/home/aev-plig_research/github_tsBAP_official/data/raw/bindingnet/from_chembl_client/4oq6/rec_h_opt.pdb,/rds/general/user/cr725/home/aev-plig_research/github_tsBAP_official/data/raw/bindingnet/from_chembl_client/4oq6/target_CHEMBL4361/CHEMBL3126312/4oq6_CHEMBL4361_CHEMBL3126312.sdf,4.136677139879544,True,True,mcl1_extra_flips_molecule_32.sdf,0.22093023255813954
CHEMBL4361_4oq5_CHEMBL3126330,bindingnet,/rds/general/user/cr725/home/aev-plig_research/github_tsBAP_official/data/raw/bindingnet/from_chembl_client/4oq5/rec_h_opt.pdb,/rds/general/user/cr725/home/aev-plig_research/github_tsBAP_official/data/raw/bindingnet/from_chembl_client/4oq5/target_CHEMBL4361/CHEMBL3126330/4oq5_CHEMBL4361_CHEMBL3126330.sdf,6.0,True,True,mcl1_extra_flips_molecule_23.sdf,0.2336448598130841
CHEMBL4361_4oq5_CHEMBL3126310,bindingnet,/rds/general/user/cr725/home/aev-plig_research/github_tsBAP_official/data/raw/bindingnet/from_chembl_client/4oq5/rec_h_opt.pdb,/rds/general/user/cr725/home/aev-plig_research/github_tsBAP_official/data/raw/bindingnet/from_chembl_client/4oq5/target_CHEMBL4361/CHEMBL3126310/4oq5_CHEMBL4361_CHEMBL3126310.sdf,7.221848749616356,True,True,mcl1_extra_flips_molecule_32.sdf,0.24812030075187969
CHEMBL4361_4oq5_CHEMBL3126305,bindingnet,/rds/general/user/cr725/home/aev-plig_research/github_tsBAP_official/data/raw/bindingnet/from_chembl_client/4oq5/rec_h_opt.pdb,/rds/general/user/cr725/home/aev-plig_research/github_tsBAP_official/data/raw/bindingnet/from_chembl_client/4oq5/target_CHEMBL4361/CHEMBL3126305/4oq5_CHEMBL4361_CHEMBL3126305.sdf,6.522878745280337,True,True,mcl1_extra_flips_molecule_56.sdf,0.2109375
CHEMBL4361_4hw2_CHEMBL3770783,bindingnet,/rds/general/user/cr725/home/aev-plig_research/github_tsBAP_official/data/raw/bindingnet/from_chembl_client/4hw2/rec_h_opt.pdb,/rds/general/user/cr725/home/aev-plig_research/github_tsBAP_official/data/raw/bindingnet/from_chembl_client/4hw2/target_CHEMBL4361/CHEMBL3770783/4hw2_CHEMBL4361_CHEMBL3770783.sdf,6.0,True,True,mcl1_extra_flips_molecule_37.sdf,0.7108433734939759
6udi,pdbbind,/rds/general/user/cr725/home/aev-plig_research/github_tsBAP_official/data/raw/pdbbind/refined-set/6udi/6udi_protein.pdb,/rds/general/user/cr725/home/aev-plig_research/github_tsBAP_official/data/raw/pdbbind/refined-set/6udi/6udi_ligand.mol2,10.0,True,True,mcl1_extra_flips_molecule_58.sdf,0.12105263157894737
6oqn,pdbbind,/rds/general/user/cr725/home/aev-plig_research/github_tsBAP_official/data/raw/pdbbind/general-set/6oqn/6oqn_protein.pdb,/rds/general/user/cr725/home/aev-plig_research/github_tsBAP_official/data/raw/pdbbind/general-set/6oqn/6oqn_ligand.mol2,8.0,True,True,mcl1_extra_flips_molecule_58.sdf,0.11842105263157894
6qfq,pdbbind,/rds/general/user/cr725/home/aev-plig_research/github_tsBAP_official/data/raw/pdbbind/general-set/6qfq/6qfq_protein.pdb,/rds/general/user/cr725/home/aev-plig_research/github_tsBAP_official/data/raw/pdbbind/general-set/6qfq/6qfq_ligand.mol2,7.1,True,True,mcl1_extra_flips_molecule_57.sdf,0.41904761904761906
4zbi,pdbbind,/rds/general/user/cr725/home/aev-plig_research/github_tsBAP_official/data/raw/pdbbind/refined-set/4zbi/4zbi_protein.pdb,/rds/general/user/cr725/home/aev-plig_research/github_tsBAP_official/data/raw/pdbbind/refined-set/4zbi/4zbi_ligand.mol2,6.51,True,True,mcl1_extra_flips_molecule_57.sdf,0.44660194174757284
3wix,pdbbind,/rds/general/user/cr725/home/aev-plig_research/github_tsBAP_official/data/raw/pdbbind/general-set/3wix/3wix_protein.pdb,/rds/general/user/cr725/home/aev-plig_research/github_tsBAP_official/data/raw/pdbbind/general-set/3wix/3wix_ligand.mol2,6.27,True,True,mcl1_extra_flips_molecule_57.sdf,0.44339622641509435
CHEMBL4361_5vkc_CHEMBL4584487,bindingnet,/rds/general/user/cr725/home/aev-plig_research/github_tsBAP_official/data/raw/bindingnet/from_chembl_client/5vkc/rec_h_opt.pdb,/rds/general/user/cr725/home/aev-plig_research/github_tsBAP_official/data/raw/bindingnet/from_chembl_client/5vkc/target_CHEMBL4361/CHEMBL4584487/5vkc_CHEMBL4361_CHEMBL4584487.sdf,8.505275091166654,True,True,mcl1_extra_flips_molecule_58.sdf,0.32450331125827814
6ne5,pdbbind,/rds/general/user/cr725/home/aev-plig_research/github_tsBAP_official/data/raw/pdbbind/refined-set/6ne5/6ne5_protein.pdb,/rds/general/user/cr725/home/aev-plig_research/github_tsBAP_official/data/raw/pdbbind/refined-set/6ne5/6ne5_ligand.mol2,10.52,True,True,mcl1_extra_flips_molecule_58.sdf,0.2948717948717949
CHEMBL4361_5vkc_CHEMBL4449014,bindingnet,/rds/general/user/cr725/home/aev-plig_research/github_tsBAP_official/data/raw/bindingnet/from_chembl_client/5vkc/rec_h_opt.pdb,/rds/general/user/cr725/home/aev-plig_research/github_tsBAP_official/data/raw/bindingnet/from_chembl_client/5vkc/target_CHEMBL4361/CHEMBL4449014/5vkc_CHEMBL4361_CHEMBL4449014.sdf,9.75586569225227,True,True,mcl1_extra_flips_molecule_58.sdf,0.32450331125827814
CHEMBL4361_5vkc_CHEMBL4469869,bindingnet,/rds/general/user/cr725/home/aev-plig_research/github_tsBAP_official/data/raw/bindingnet/from_chembl_client/5vkc/rec_h_opt.pdb,/rds/general/user/cr725/home/aev-plig_research/github_tsBAP_official/data/raw/bindingnet/from_chembl_client/5vkc/target_CHEMBL4361/CHEMBL4469869/5vkc_CHEMBL4361_CHEMBL4469869.sdf,9.99064975066688,True,True,mcl1_extra_flips_molecule_58.sdf,0.32450331125827814
CHEMBL4361_5vkc_CHEMBL4459970,bindingnet,/rds/general/user/cr725/home/aev-plig_research/github_tsBAP_official/data/raw/bindingnet/from_chembl_client/5vkc/rec_h_opt.pdb,/rds/general/user/cr725/home/aev-plig_research/github_tsBAP_official/data/raw/bindingnet/from_chembl_client/5vkc/target_CHEMBL4361/CHEMBL4459970/5vkc_CHEMBL4361_CHEMBL4459970.sdf,7.717548663735397,True,True,mcl1_extra_flips_molecule_58.sdf,0.34782608695652173
CHEMBL4361_5vkc_CHEMBL4087084,bindingnet,/rds/general/user/cr725/home/aev-plig_research/github_tsBAP_official/data/raw/bindingnet/from_chembl_client/5vkc/rec_h_opt.pdb,/rds/general/user/cr725/home/aev-plig_research/github_tsBAP_official/data/raw/bindingnet/from_chembl_client/5vkc/target_CHEMBL4361/CHEMBL4087084/5vkc_CHEMBL4361_CHEMBL4087084.sdf,8.450851231752651,True,True,mcl1_extra_flips_molecule_58.sdf,0.3404255319148936
CHEMBL4361_5vkc_CHEMBL4441540,bindingnet,/rds/general/user/cr725/home/aev-plig_research/github_tsBAP_official/data/raw/bindingnet/from_chembl_client/5vkc/rec_h_opt.pdb,/rds/general/user/cr725/home/aev-plig_research/github_tsBAP_official/data/raw/bindingnet/from_chembl_client/5vkc/target_CHEMBL4361/CHEMBL4441540/5vkc_CHEMBL4361_CHEMBL4441540.sdf,7.650862711662816,True,True,mcl1_extra_flips_molecule_58.sdf,0.3356643356643357
CHEMBL4361_5vkc_CHEMBL4563724,bindingnet,/rds/general/user/cr725/home/aev-plig_research/github_tsBAP_official/data/raw/bindingnet/from_chembl_client/5vkc/rec_h_opt.pdb,/rds/general/user/cr725/home/aev-plig_research/github_tsBAP_official/data/raw/bindingnet/from_chembl_client/5vkc/target_CHEMBL4361/CHEMBL4563724/5vkc_CHEMBL4361_CHEMBL4563724.sdf,7.549925719640328,True,True,mcl1_extra_flips_molecule_56.sdf,0.34532374100719426
CHEMBL4361_5vkc_CHEMBL4586841,bindingnet,/rds/general/user/cr725/home/aev-plig_research/github_tsBAP_official/data/raw/bindingnet/from_chembl_client/5vkc/rec_h_opt.pdb,/rds/general/user/cr725/home/aev-plig_research/github_tsBAP_official/data/raw/bindingnet/from_chembl_client/5vkc/target_CHEMBL4361/CHEMBL4586841/5vkc_CHEMBL4361_CHEMBL4586841.sdf,6.987654568822284,True,True,mcl1_extra_flips_molecule_53.sdf,0.3282442748091603
CHEMBL4361_5vkc_CHEMBL4439875,bindingnet,/rds/general/user/cr725/home/aev-plig_research/github_tsBAP_official/data/raw/bindingnet/from_chembl_client/5vkc/rec_h_opt.pdb,/rds/general/user/cr725/home/aev-plig_research/github_tsBAP_official/data/raw/bindingnet/from_chembl_client/5vkc/target_CHEMBL4361/CHEMBL4439875/5vkc_CHEMBL4361_CHEMBL4439875.sdf,7.154901959985743,True,True,mcl1_extra_flips_molecule_50.sdf,0.3208955223880597
CHEMBL4361_5vkc_CHEMBL4462777,bindingnet,/rds/general/user/cr725/home/aev-plig_research/github_tsBAP_official/data/raw/bindingnet/from_chembl_client/5vkc/rec_h_opt.pdb,/rds/general/user/cr725/home/aev-plig_research/github_tsBAP_official/data/raw/bindingnet/from_chembl_client/5vkc/target_CHEMBL4361/CHEMBL4462777/5vkc_CHEMBL4361_CHEMBL4462777.sdf,7.194829644273922,True,True,mcl1_extra_flips_molecule_53.sdf,0.3282442748091603
CHEMBL4361_5vkc_CHEMBL4063120,bindingnet,/rds/general/user/cr725/home/aev-plig_research/github_tsBAP_official/data/raw/bindingnet/from_chembl_client/5vkc/rec_h_opt.pdb,/rds/general/user/cr725/home/aev-plig_research/github_tsBAP_official/data/raw/bindingnet/from_chembl_client/5vkc/target_CHEMBL4361/CHEMBL4063120/5vkc_CHEMBL4361_CHEMBL4063120.sdf,7.67778070526608,True,True,mcl1_extra_flips_molecule_37.sdf,0.416
CHEMBL4361_5vkc_CHEMBL3771122,bindingnet,/rds/general/user/cr725/home/aev-plig_research/github_tsBAP_official/data/raw/bindingnet/from_chembl_client/5vkc/rec_h_opt.pdb,/rds/general/user/cr725/home/aev-plig_research/github_tsBAP_official/data/raw/bindingnet/from_chembl_client/5vkc/target_CHEMBL4361/CHEMBL3771122/5vkc_CHEMBL4361_CHEMBL3771122.sdf,7.619788758288394,True,True,mcl1_extra_flips_molecule_37.sdf,0.3923076923076923
CHEMBL4361_5vkc_CHEMBL4101319,bindingnet,/rds/general/user/cr725/home/aev-plig_research/github_tsBAP_official/data/raw/bindingnet/from_chembl_client/5vkc/rec_h_opt.pdb,/rds/general/user/cr725/home/aev-plig_research/github_tsBAP_official/data/raw/bindingnet/from_chembl_client/5vkc/target_CHEMBL4361/CHEMBL4101319/5vkc_CHEMBL4361_CHEMBL4101319.sdf,7.142667503568731,True,True,mcl1_extra_flips_molecule_37.sdf,0.3923076923076923
CHEMBL4361_5vkc_CHEMBL4573015,bindingnet,/rds/general/user/cr725/home/aev-plig_research/github_tsBAP_official/data/raw/bindingnet/from_chembl_client/5vkc/rec_h_opt.pdb,/rds/general/user/cr725/home/aev-plig_research/github_tsBAP_official/data/raw/bindingnet/from_chembl_client/5vkc/target_CHEMBL4361/CHEMBL4573015/5vkc_CHEMBL4361_CHEMBL4573015.sdf,7.455931955649724,True,True,mcl1_extra_flips_molecule_53.sdf,0.3412698412698413
CHEMBL4361_5vkc_CHEMBL4558364,bindingnet,/rds/general/user/cr725/home/aev-plig_research/github_tsBAP_official/data/raw/bindingnet/from_chembl_client/5vkc/rec_h_opt.pdb,/rds/general/user/cr725/home/aev-plig_research/github_tsBAP_official/data/raw/bindingnet/from_chembl_client/5vkc/target_CHEMBL4361/CHEMBL4558364/5vkc_CHEMBL4361_CHEMBL4558364.sdf,7.458248690084867,True,True,mcl1_extra_flips_molecule_53.sdf,0.34375
CHEMBL4361_5vkc_CHEMBL4086733,bindingnet,/rds/general/user/cr725/home/aev-plig_research/github_tsBAP_official/data/raw/bindingnet/from_chembl_client/5vkc/rec_h_opt.pdb,/rds/general/user/cr725/home/aev-plig_research/github_tsBAP_official/data/raw/bindingnet/from_chembl_client/5vkc/target_CHEMBL4361/CHEMBL4086733/5vkc_CHEMBL4361_CHEMBL4086733.sdf,7.5376020021010435,True,True,mcl1_extra_flips_molecule_53.sdf,0.3984375
CHEMBL4361_5vkc_CHEMBL4076607,bindingnet,/rds/general/user/cr725/home/aev-plig_research/github_tsBAP_official/data/raw/bindingnet/from_chembl_client/5vkc/rec_h_opt.pdb,/rds/general/user/cr725/home/aev-plig_research/github_tsBAP_official/data/raw/bindingnet/from_chembl_client/5vkc/target_CHEMBL4361/CHEMBL4076607/5vkc_CHEMBL4361_CHEMBL4076607.sdf,7.920818753952375,True,True,mcl1_extra_flips_molecule_53.sdf,0.3953488372093023
CHEMBL4361_5vkc_CHEMBL3417694,bindingnet,/rds/general/user/cr725/home/aev-plig_research/github_tsBAP_official/data/raw/bindingnet/from_chembl_client/5vkc/rec_h_opt.pdb,/rds/general/user/cr725/home/aev-plig_research/github_tsBAP_official/data/raw/bindingnet/from_chembl_client/5vkc/target_CHEMBL4361/CHEMBL3417694/5vkc_CHEMBL4361_CHEMBL3417694.sdf,7.002841423665181,True,True,mcl1_extra_flips_molecule_57.sdf,0.43333333333333335
6b4u,pdbbind,/rds/general/user/cr725/home/aev-plig_research/github_tsBAP_official/data/raw/pdbbind/refined-set/6b4u/6b4u_protein.pdb,/rds/general/user/cr725/home/aev-plig_research/github_tsBAP_official/data/raw/pdbbind/refined-set/6b4u/6b4u_ligand.mol2,7.68,True,True,mcl1_extra_flips_molecule_57.sdf,0.3779527559055118
CHEMBL4361_4zbi_CHEMBL3426320,bindingnet,/rds/general/user/cr725/home/aev-plig_research/github_tsBAP_official/data/raw/bindingnet/from_chembl_client/4zbi/rec_h_opt.pdb,/rds/general/user/cr725/home/aev-plig_research/github_tsBAP_official/data/raw/bindingnet/from_chembl_client/4zbi/target_CHEMBL4361/CHEMBL3426320/4zbi_CHEMBL4361_CHEMBL3426320.sdf,6.958607314841775,True,True,mcl1_extra_flips_molecule_57.sdf,0.5102040816326531
CHEMBL4361_4zbf_CHEMBL3426318,bindingnet,/rds/general/user/cr725/home/aev-plig_research/github_tsBAP_official/data/raw/bindingnet/from_chembl_client/4zbf/rec_h_opt.pdb,/rds/general/user/cr725/home/aev-plig_research/github_tsBAP_official/data/raw/bindingnet/from_chembl_client/4zbf/target_CHEMBL4361/CHEMBL3426318/4zbf_CHEMBL4361_CHEMBL3426318.sdf,5.795880017344075,True,True,mcl1_extra_flips_molecule_57.sdf,0.4174757281553398
6qz6,pdbbind,/rds/general/user/cr725/home/aev-plig_research/github_tsBAP_official/data/raw/pdbbind/general-set/6qz6/6qz6_protein.pdb,/rds/general/user/cr725/home/aev-plig_research/github_tsBAP_official/data/raw/pdbbind/general-set/6qz6/6qz6_ligand.mol2,6.49,True,True,mcl1_extra_flips_molecule_49.sdf,0.1360544217687075
6qz5,pdbbind,/rds/general/user/cr725/home/aev-plig_research/github_tsBAP_official/data/raw/pdbbind/refined-set/6qz5/6qz5_protein.pdb,/rds/general/user/cr725/home/aev-plig_research/github_tsBAP_official/data/raw/pdbbind/refined-set/6qz5/6qz5_ligand.mol2,6.08,True,True,mcl1_extra_flips_molecule_49.sdf,0.1360544217687075
CHEMBL4361_6fs1_CHEMBL3417691,bindingnet,/rds/general/user/cr725/home/aev-plig_research/github_tsBAP_official/data/raw/bindingnet/from_chembl_client/6fs1/rec_h_opt.pdb,/rds/general/user/cr725/home/aev-plig_research/github_tsBAP_official/data/raw/bindingnet/from_chembl_client/6fs1/target_CHEMBL4361/CHEMBL3417691/6fs1_CHEMBL4361_CHEMBL3417691.sdf,6.260716752203079,True,True,mcl1_extra_flips_molecule_42.sdf,0.5578947368421052
CHEMBL4361_6bw8_CHEMBL1594376,bindingnet,/rds/general/user/cr725/home/aev-plig_research/github_tsBAP_official/data/raw/bindingnet/from_chembl_client/6bw8/rec_h_opt.pdb,/rds/general/user/cr725/home/aev-plig_research/github_tsBAP_official/data/raw/bindingnet/from_chembl_client/6bw8/target_CHEMBL4361/CHEMBL1594376/6bw8_CHEMBL4361_CHEMBL1594376.sdf,5.9122576136772,True,True,mcl1_extra_flips_molecule_45.sdf,0.12658227848101267
CHEMBL4361_6bw2_CHEMBL3786018,bindingnet,/rds/general/user/cr725/home/aev-plig_research/github_tsBAP_official/data/raw/bindingnet/from_chembl_client/6bw2/rec_h_opt.pdb,/rds/general/user/cr725/home/aev-plig_research/github_tsBAP_official/data/raw/bindingnet/from_chembl_client/6bw2/target_CHEMBL4361/CHEMBL3786018/6bw2_CHEMBL4361_CHEMBL3786018.sdf,7.443697499232712,True,True,mcl1_extra_flips_molecule_37.sdf,0.4117647058823529
CHEMBL4361_5vkc_CHEMBL4524392,bindingnet,/rds/general/user/cr725/home/aev-plig_research/github_tsBAP_official/data/raw/bindingnet/from_chembl_client/5vkc/rec_h_opt.pdb,/rds/general/user/cr725/home/aev-plig_research/github_tsBAP_official/data/raw/bindingnet/from_chembl_client/5vkc/target_CHEMBL4361/CHEMBL4524392/5vkc_CHEMBL4361_CHEMBL4524392.sdf,9.11531133696193,True,True,mcl1_extra_flips_molecule_58.sdf,0.3096774193548387
CHEMBL4361_5vkc_CHEMBL4443085,bindingnet,/rds/general/user/cr725/home/aev-plig_research/github_tsBAP_official/data/raw/bindingnet/from_chembl_client/5vkc/rec_h_opt.pdb,/rds/general/user/cr725/home/aev-plig_research/github_tsBAP_official/data/raw/bindingnet/from_chembl_client/5vkc/target_CHEMBL4361/CHEMBL4443085/5vkc_CHEMBL4361_CHEMBL4443085.sdf,7.026872146400302,True,True,mcl1_extra_flips_molecule_42.sdf,0.424
CHEMBL4361_5vkc_CHEMBL4101866,bindingnet,/rds/general/user/cr725/home/aev-plig_research/github_tsBAP_official/data/raw/bindingnet/from_chembl_client/5vkc/rec_h_opt.pdb,/rds/general/user/cr725/home/aev-plig_research/github_tsBAP_official/data/raw/bindingnet/from_chembl_client/5vkc/target_CHEMBL4361/CHEMBL4101866/5vkc_CHEMBL4361_CHEMBL4101866.sdf,8.356547323513812,True,True,mcl1_extra_flips_molecule_56.sdf,0.3288590604026846
CHEMBL4361_5vkc_CHEMBL4073496,bindingnet,/rds/general/user/cr725/home/aev-plig_research/github_tsBAP_official/data/raw/bindingnet/from_chembl_client/5vkc/rec_h_opt.pdb,/rds/general/user/cr725/home/aev-plig_research/github_tsBAP_official/data/raw/bindingnet/from_chembl_client/5vkc/target_CHEMBL4361/CHEMBL4073496/5vkc_CHEMBL4361_CHEMBL4073496.sdf,8.638272163982407,True,True,mcl1_extra_flips_molecule_58.sdf,0.32450331125827814
CHEMBL4361_5vkc_CHEMBL4066379,bindingnet,/rds/general/user/cr725/home/aev-plig_research/github_tsBAP_official/data/raw/bindingnet/from_chembl_client/5vkc/rec_h_opt.pdb,/rds/general/user/cr725/home/aev-plig_research/github_tsBAP_official/data/raw/bindingnet/from_chembl_client/5vkc/target_CHEMBL4361/CHEMBL4066379/5vkc_CHEMBL4361_CHEMBL4066379.sdf,7.508638306165727,True,True,mcl1_extra_flips_molecule_53.sdf,0.3984375
CHEMBL4361_5vkc_CHEMBL3785866,bindingnet,/rds/general/user/cr725/home/aev-plig_research/github_tsBAP_official/data/raw/bindingnet/from_chembl_client/5vkc/rec_h_opt.pdb,/rds/general/user/cr725/home/aev-plig_research/github_tsBAP_official/data/raw/bindingnet/from_chembl_client/5vkc/target_CHEMBL4361/CHEMBL3785866/5vkc_CHEMBL4361_CHEMBL3785866.sdf,9.443697499232712,True,True,mcl1_extra_flips_molecule_53.sdf,0.3953488372093023
CHEMBL4361_5vkc_CHEMBL3771322,bindingnet,/rds/general/user/cr725/home/aev-plig_research/github_tsBAP_official/data/raw/bindingnet/from_chembl_client/5vkc/rec_h_opt.pdb,/rds/general/user/cr725/home/aev-plig_research/github_tsBAP_official/data/raw/bindingnet/from_chembl_client/5vkc/target_CHEMBL4361/CHEMBL3771322/5vkc_CHEMBL4361_CHEMBL3771322.sdf,7.084866099533179,True,True,mcl1_extra_flips_molecule_37.sdf,0.3923076923076923
CHEMBL4361_5vkc_CHEMBL1984039,bindingnet,/rds/general/user/cr725/home/aev-plig_research/github_tsBAP_official/data/raw/bindingnet/from_chembl_client/5vkc/rec_h_opt.pdb,/rds/general/user/cr725/home/aev-plig_research/github_tsBAP_official/data/raw/bindingnet/from_chembl_client/5vkc/target_CHEMBL4361/CHEMBL1984039/5vkc_CHEMBL4361_CHEMBL1984039.sdf,6.537602002101044,True,True,mcl1_extra_flips_molecule_42.sdf,0.5096153846153846
CHEMBL4361_5mes_CHEMBL4473598,bindingnet,/rds/general/user/cr725/home/aev-plig_research/github_tsBAP_official/data/raw/bindingnet/from_chembl_client/5mes/rec_h_opt.pdb,/rds/general/user/cr725/home/aev-plig_research/github_tsBAP_official/data/raw/bindingnet/from_chembl_client/5mes/target_CHEMBL4361/CHEMBL4473598/5mes_CHEMBL4361_CHEMBL4473598.sdf,7.698970004336019,True,True,mcl1_extra_flips_molecule_36.sdf,0.12698412698412698
CHEMBL4361_5if4_CHEMBL1466329,bindingnet,/rds/general/user/cr725/home/aev-plig_research/github_tsBAP_official/data/raw/bindingnet/from_chembl_client/5if4/rec_h_opt.pdb,/rds/general/user/cr725/home/aev-plig_research/github_tsBAP_official/data/raw/bindingnet/from_chembl_client/5if4/target_CHEMBL4361/CHEMBL1466329/5if4_CHEMBL4361_CHEMBL1466329.sdf,5.548426927595624,True,True,mcl1_extra_flips_molecule_26.sdf,0.13432835820895522
CHEMBL4361_5iez_CHEMBL3787257,bindingnet,/rds/general/user/cr725/home/aev-plig_research/github_tsBAP_official/data/raw/bindingnet/from_chembl_client/5iez/rec_h_opt.pdb,/rds/general/user/cr725/home/aev-plig_research/github_tsBAP_official/data/raw/bindingnet/from_chembl_client/5iez/target_CHEMBL4361/CHEMBL3787257/5iez_CHEMBL4361_CHEMBL3787257.sdf,6.694648630553377,True,True,mcl1_extra_flips_molecule_37.sdf,0.423728813559322
CHEMBL4361_4zbi_CHEMBL3426333,bindingnet,/rds/general/user/cr725/home/aev-plig_research/github_tsBAP_official/data/raw/bindingnet/from_chembl_client/4zbi/rec_h_opt.pdb,/rds/general/user/cr725/home/aev-plig_research/github_tsBAP_official/data/raw/bindingnet/from_chembl_client/4zbi/target_CHEMBL4361/CHEMBL3426333/4zbi_CHEMBL4361_CHEMBL3426333.sdf,8.522878745280337,True,True,mcl1_extra_flips_molecule_58.sdf,0.49019607843137253
CHEMBL4361_4zbi_CHEMBL3426314,bindingnet,/rds/general/user/cr725/home/aev-plig_research/github_tsBAP_official/data/raw/bindingnet/from_chembl_client/4zbi/rec_h_opt.pdb,/rds/general/user/cr725/home/aev-plig_research/github_tsBAP_official/data/raw/bindingnet/from_chembl_client/4zbi/target_CHEMBL4361/CHEMBL3426314/4zbi_CHEMBL4361_CHEMBL3426314.sdf,4.045757490560675,True,True,mcl1_extra_flips_molecule_45.sdf,0.19811320754716982
CHEMBL4361_4wmx_CHEMBL3126333,bindingnet,/rds/general/user/cr725/home/aev-plig_research/github_tsBAP_official/data/raw/bindingnet/from_chembl_client/4wmx/rec_h_opt.pdb,/rds/general/user/cr725/home/aev-plig_research/github_tsBAP_official/data/raw/bindingnet/from_chembl_client/4wmx/target_CHEMBL4361/CHEMBL3126333/4wmx_CHEMBL4361_CHEMBL3126333.sdf,5.301029995663981,True,True,mcl1_extra_flips_molecule_27.sdf,0.14285714285714285
CHEMBL4361_4wmv_CHEMBL1448105,bindingnet,/rds/general/user/cr725/home/aev-plig_research/github_tsBAP_official/data/raw/bindingnet/from_chembl_client/4wmv/rec_h_opt.pdb,/rds/general/user/cr725/home/aev-plig_research/github_tsBAP_official/data/raw/bindingnet/from_chembl_client/4wmv/target_CHEMBL4361/CHEMBL1448105/4wmv_CHEMBL4361_CHEMBL1448105.sdf,4.229147988357856,True,True,mcl1_extra_flips_molecule_63.sdf,0.4025974025974026
CHEMBL4361_4oq6_CHEMBL3126318,bindingnet,/rds/general/user/cr725/home/aev-plig_research/github_tsBAP_official/data/raw/bindingnet/from_chembl_client/4oq6/rec_h_opt.pdb,/rds/general/user/cr725/home/aev-plig_research/github_tsBAP_official/data/raw/bindingnet/from_chembl_client/4oq6/target_CHEMBL4361/CHEMBL3126318/4oq6_CHEMBL4361_CHEMBL3126318.sdf,5.481486060122113,True,True,mcl1_extra_flips_molecule_61.sdf,0.1919191919191919
CHEMBL4361_4oq6_CHEMBL193114,bindingnet,/rds/general/user/cr725/home/aev-plig_research/github_tsBAP_official/data/raw/bindingnet/from_chembl_client/4oq6/rec_h_opt.pdb,/rds/general/user/cr725/home/aev-plig_research/github_tsBAP_official/data/raw/bindingnet/from_chembl_client/4oq6/target_CHEMBL4361/CHEMBL193114/4oq6_CHEMBL4361_CHEMBL193114.sdf,3.721246399047171,True,True,mcl1_extra_flips_molecule_38_flip.sdf,0.1717171717171717
CHEMBL4361_4oq5_CHEMBL3126329,bindingnet,/rds/general/user/cr725/home/aev-plig_research/github_tsBAP_official/data/raw/bindingnet/from_chembl_client/4oq5/rec_h_opt.pdb,/rds/general/user/cr725/home/aev-plig_research/github_tsBAP_official/data/raw/bindingnet/from_chembl_client/4oq5/target_CHEMBL4361/CHEMBL3126329/4oq5_CHEMBL4361_CHEMBL3126329.sdf,5.7447274948966935,True,True,mcl1_extra_flips_molecule_30_flip.sdf,0.2018348623853211
CHEMBL4361_4oq5_CHEMBL3126309,bindingnet,/rds/general/user/cr725/home/aev-plig_research/github_tsBAP_official/data/raw/bindingnet/from_chembl_client/4oq5/rec_h_opt.pdb,/rds/general/user/cr725/home/aev-plig_research/github_tsBAP_official/data/raw/bindingnet/from_chembl_client/4oq5/target_CHEMBL4361/CHEMBL3126309/4oq5_CHEMBL4361_CHEMBL3126309.sdf,7.096910013008056,True,True,mcl1_extra_flips_molecule_60.sdf,0.184
CHEMBL4361_4hw3_CHEMBL2314515,bindingnet,/rds/general/user/cr725/home/aev-plig_research/github_tsBAP_official/data/raw/bindingnet/from_chembl_client/4hw3/rec_h_opt.pdb,/rds/general/user/cr725/home/aev-plig_research/github_tsBAP_official/data/raw/bindingnet/from_chembl_client/4hw3/target_CHEMBL4361/CHEMBL2314515/4hw3_CHEMBL4361_CHEMBL2314515.sdf,5.017728766960431,True,True,mcl1_extra_flips_molecule_23.sdf,0.6025641025641025
CHEMBL4361_3wix_CHEMBL3126113,bindingnet,/rds/general/user/cr725/home/aev-plig_research/github_tsBAP_official/data/raw/bindingnet/from_chembl_client/3wix/rec_h_opt.pdb,/rds/general/user/cr725/home/aev-plig_research/github_tsBAP_official/data/raw/bindingnet/from_chembl_client/3wix/target_CHEMBL4361/CHEMBL3126113/3wix_CHEMBL4361_CHEMBL3126113.sdf,6.267606240177032,True,True,mcl1_extra_flips_molecule_57.sdf,0.48514851485148514
6oqd,pdbbind,/rds/general/user/cr725/home/aev-plig_research/github_tsBAP_official/data/raw/pdbbind/refined-set/6oqd/6oqd_protein.pdb,/rds/general/user/cr725/home/aev-plig_research/github_tsBAP_official/data/raw/pdbbind/refined-set/6oqd/6oqd_ligand.mol2,9.85,True,True,mcl1_extra_flips_molecule_58.sdf,0.12048192771084337
5iez,pdbbind,/rds/general/user/cr725/home/aev-plig_research/github_tsBAP_official/data/raw/pdbbind/general-set/5iez/5iez_protein.pdb,/rds/general/user/cr725/home/aev-plig_research/github_tsBAP_official/data/raw/pdbbind/general-set/5iez/5iez_ligand.mol2,7.64,True,True,mcl1_extra_flips_molecule_65.sdf,0.3284671532846715
6fs1,pdbbind,/rds/general/user/cr725/home/aev-plig_research/github_tsBAP_official/data/raw/pdbbind/refined-set/6fs1/6fs1_protein.pdb,/rds/general/user/cr725/home/aev-plig_research/github_tsBAP_official/data/raw/pdbbind/refined-set/6fs1/6fs1_ligand.mol2,7.01,True,True,mcl1_extra_flips_molecule_57.sdf,0.35877862595419846
4hw3,pdbbind,/rds/general/user/cr725/home/aev-plig_research/github_tsBAP_official/data/raw/pdbbind/refined-set/4hw3/4hw3_protein.pdb,/rds/general/user/cr725/home/aev-plig_research/github_tsBAP_official/data/raw/pdbbind/refined-set/4hw3/4hw3_ligand.mol2,6.49,True,True,mcl1_extra_flips_molecule_60.sdf,0.7662337662337663
3wiy,pdbbind,/rds/general/user/cr725/home/aev-plig_research/github_tsBAP_official/data/raw/pdbbind/general-set/3wiy/3wiy_protein.pdb,/rds/general/user/cr725/home/aev-plig_research/github_tsBAP_official/data/raw/pdbbind/general-set/3wiy/3wiy_ligand.mol2,6.21,True,True,mcl1_extra_flips_molecule_57.sdf,0.2840909090909091
